id,Name,POID,ProductID,SiteID,FacilityID,WarehouseFacilityID,Qty,Status,StartDate,EndDate
BPO1-1-1,Batch-BPO1-1-1-P1006-50,PO1,P1006,S5,F-1-S5,F-3-S5,50,Completed,2024-06-13,2024-06-14
BPO1-1-2,Batch-BPO1-1-2-P1006-50,PO1,P1006,S5,F-1-S5,F-3-S5,50,Completed,2024-06-13,2024-06-14
BPO1-1-3,Batch-BPO1-1-3-P1006-50,PO1,P1006,S5,F-1-S5,F-3-S5,50,Completed,2024-06-13,2024-06-14
BPO1-1-4,Batch-BPO1-1-4-P1006-50,PO1,P1006,S5,F-1-S5,F-3-S5,50,Completed,2024-06-13,2024-06-14
BPO1-1-5,Batch-BPO1-1-5-P1006-50,PO1,P1006,S5,F-1-S5,F-3-S5,50,Completed,2024-06-13,2024-06-14
BPO1-1-6,Batch-BPO1-1-6-P1006-50,PO1,P1006,S5,F-1-S5,F-3-S5,50,Completed,2024-06-13,2024-06-14
BPO1-1-7,Batch-BPO1-1-7-P1006-50,PO1,P1006,S5,F-1-S5,F-3-S5,50,Completed,2024-06-13,2024-06-14
BPO1-1-8,Batch-BPO1-1-8-P1006-50,PO1,P1006,S5,F-1-S5,F-3-S5,50,Completed,2024-06-13,2024-06-14
BPO1-1-9,Batch-BPO1-1-9-P1006-50,PO1,P1006,S5,F-1-S5,F-3-S5,50,Completed,2024-06-13,2024-06-14
BPO1-1-10,Batch-BPO1-1-10-P1006-50,PO1,P1006,S5,F-1-S5,F-3-S5,50,Completed,2024-06-13,2024-06-14
BPO1-1-11,Batch-BPO1-1-11-P1006-50,PO1,P1006,S5,F-1-S5,F-3-S5,50,Completed,2024-06-13,2024-06-14
BPO1-1-12,Batch-BPO1-1-12-P1006-50,PO1,P1006,S5,F-1-S5,F-3-S5,50,Completed,2024-06-13,2024-06-14
BPO1-1-13,Batch-BPO1-1-13-P1006-50,PO1,P1006,S5,F-1-S5,F-3-S5,50,Completed,2024-06-13,2024-06-14
BPO1-1-14,Batch-BPO1-1-14-P1006-20,PO1,P1006,S5,F-1-S5,F-3-S5,20,Completed,2024-06-13,2024-06-14
BPO2-2-1,Batch-BPO2-2-1-P1007-80,PO2,P1007,S8,F-1-S8,F-2-S3,80,Completed,2024-06-12,2024-06-13
BPO2-2-2,Batch-BPO2-2-2-P1007-80,PO2,P1007,S8,F-1-S8,F-2-S3,80,Completed,2024-06-12,2024-06-13
BPO2-2-3,Batch-BPO2-2-3-P1007-80,PO2,P1007,S8,F-1-S8,F-2-S3,80,Completed,2024-06-12,2024-06-13
BPO2-2-4,Batch-BPO2-2-4-P1007-80,PO2,P1007,S8,F-1-S8,F-2-S3,80,Completed,2024-06-12,2024-06-13
BPO2-2-5,Batch-BPO2-2-5-P1007-80,PO2,P1007,S8,F-1-S8,F-2-S3,80,Completed,2024-06-12,2024-06-13
BPO2-2-6,Batch-BPO2-2-6-P1007-80,PO2,P1007,S8,F-1-S8,F-2-S3,80,Completed,2024-06-12,2024-06-13
BPO2-2-7,Batch-BPO2-2-7-P1007-80,PO2,P1007,S8,F-1-S8,F-2-S3,80,Completed,2024-06-12,2024-06-13
BPO2-2-8,Batch-BPO2-2-8-P1007-10,PO2,P1007,S8,F-1-S8,F-2-S3,10,Completed,2024-06-12,2024-06-13
BPO3-3-1,Batch-BPO3-3-1-P1005-50,PO3,P1005,S5,F-1-S5,F-3-S5,50,Completed,2024-06-11,2024-06-12
BPO3-3-2,Batch-BPO3-3-2-P1005-50,PO3,P1005,S5,F-1-S5,F-3-S5,50,Completed,2024-06-11,2024-06-12
BPO3-3-3,Batch-BPO3-3-3-P1005-50,PO3,P1005,S5,F-1-S5,F-3-S5,50,Completed,2024-06-11,2024-06-12
BPO3-3-4,Batch-BPO3-3-4-P1005-50,PO3,P1005,S5,F-1-S5,F-3-S5,50,Completed,2024-06-11,2024-06-12
BPO3-3-5,Batch-BPO3-3-5-P1005-50,PO3,P1005,S5,F-1-S5,F-3-S5,50,Completed,2024-06-11,2024-06-12
BPO3-3-6,Batch-BPO3-3-6-P1005-50,PO3,P1005,S5,F-1-S5,F-3-S5,50,Completed,2024-06-11,2024-06-12
BPO3-3-7,Batch-BPO3-3-7-P1005-50,PO3,P1005,S5,F-1-S5,F-3-S5,50,Completed,2024-06-11,2024-06-12
BPO3-3-8,Batch-BPO3-3-8-P1005-50,PO3,P1005,S5,F-1-S5,F-3-S5,50,Completed,2024-06-11,2024-06-12
BPO3-3-9,Batch-BPO3-3-9-P1005-50,PO3,P1005,S5,F-1-S5,F-3-S5,50,Completed,2024-06-11,2024-06-12
BPO3-3-10,Batch-BPO3-3-10-P1005-50,PO3,P1005,S5,F-1-S5,F-3-S5,50,Completed,2024-06-11,2024-06-12
BPO3-3-11,Batch-BPO3-3-11-P1005-10,PO3,P1005,S5,F-1-S5,F-3-S5,10,Completed,2024-06-11,2024-06-12
BPO4-4-1,Batch-BPO4-4-1-P1007-80,PO4,P1007,S8,F-1-S8,F-3-S5,80,In Progress,2024-06-10,2024-06-11
BPO4-4-2,Batch-BPO4-4-2-P1007-80,PO4,P1007,S8,F-1-S8,F-3-S5,80,In Progress,2024-06-10,2024-06-11
BPO4-4-3,Batch-BPO4-4-3-P1007-80,PO4,P1007,S8,F-1-S8,F-3-S5,80,In Progress,2024-06-10,2024-06-11
BPO4-4-4,Batch-BPO4-4-4-P1007-80,PO4,P1007,S8,F-1-S8,F-3-S5,80,In Progress,2024-06-10,2024-06-11
BPO4-4-5,Batch-BPO4-4-5-P1007-80,PO4,P1007,S8,F-1-S8,F-3-S5,80,In Progress,2024-06-10,2024-06-11
BPO4-4-6,Batch-BPO4-4-6-P1007-80,PO4,P1007,S8,F-1-S8,F-3-S5,80,In Progress,2024-06-10,2024-06-11
BPO4-4-7,Batch-BPO4-4-7-P1007-40,PO4,P1007,S8,F-1-S8,F-3-S5,40,In Progress,2024-06-10,2024-06-11
BPO5-5-1,Batch-BPO5-5-1-P10010-70,PO5,P10010,S4,F-1-S4,F-3-S4,70,In Progress,2024-06-09,2024-06-10
BPO5-5-2,Batch-BPO5-5-2-P10010-70,PO5,P10010,S4,F-1-S4,F-3-S4,70,In Progress,2024-06-09,2024-06-10
BPO5-5-3,Batch-BPO5-5-3-P10010-70,PO5,P10010,S4,F-1-S4,F-3-S4,70,In Progress,2024-06-09,2024-06-10
BPO5-5-4,Batch-BPO5-5-4-P10010-70,PO5,P10010,S4,F-1-S4,F-3-S4,70,In Progress,2024-06-09,2024-06-10
BPO5-5-5,Batch-BPO5-5-5-P10010-70,PO5,P10010,S4,F-1-S4,F-3-S4,70,In Progress,2024-06-09,2024-06-10
BPO5-5-6,Batch-BPO5-5-6-P10010-70,PO5,P10010,S4,F-1-S4,F-3-S4,70,In Progress,2024-06-09,2024-06-10
BPO5-5-7,Batch-BPO5-5-7-P10010-70,PO5,P10010,S4,F-1-S4,F-3-S4,70,In Progress,2024-06-09,2024-06-10
BPO5-5-8,Batch-BPO5-5-8-P10010-70,PO5,P10010,S4,F-1-S4,F-3-S4,70,In Progress,2024-06-09,2024-06-10
BPO5-5-9,Batch-BPO5-5-9-P10010-70,PO5,P10010,S4,F-1-S4,F-3-S4,70,In Progress,2024-06-09,2024-06-10
BPO5-5-10,Batch-BPO5-5-10-P10010-70,PO5,P10010,S4,F-1-S4,F-3-S4,70,In Progress,2024-06-09,2024-06-10
BPO5-5-11,Batch-BPO5-5-11-P10010-70,PO5,P10010,S4,F-1-S4,F-3-S4,70,In Progress,2024-06-09,2024-06-10
BPO5-5-12,Batch-BPO5-5-12-P10010-30,PO5,P10010,S4,F-1-S4,F-3-S4,30,In Progress,2024-06-09,2024-06-10
BPO6-6-1,Batch-BPO6-6-1-P1006-50,PO6,P1006,S5,F-1-S5,F-3-S5,50,In Progress,2024-06-08,2024-06-09
BPO6-6-2,Batch-BPO6-6-2-P1006-50,PO6,P1006,S5,F-1-S5,F-3-S5,50,In Progress,2024-06-08,2024-06-09
BPO6-6-3,Batch-BPO6-6-3-P1006-50,PO6,P1006,S5,F-1-S5,F-3-S5,50,In Progress,2024-06-08,2024-06-09
BPO6-6-4,Batch-BPO6-6-4-P1006-50,PO6,P1006,S5,F-1-S5,F-3-S5,50,In Progress,2024-06-08,2024-06-09
BPO6-6-5,Batch-BPO6-6-5-P1006-50,PO6,P1006,S5,F-1-S5,F-3-S5,50,In Progress,2024-06-08,2024-06-09
BPO6-6-6,Batch-BPO6-6-6-P1006-50,PO6,P1006,S5,F-1-S5,F-3-S5,50,In Progress,2024-06-08,2024-06-09
BPO6-6-7,Batch-BPO6-6-7-P1006-50,PO6,P1006,S5,F-1-S5,F-3-S5,50,In Progress,2024-06-08,2024-06-09
BPO6-6-8,Batch-BPO6-6-8-P1006-50,PO6,P1006,S5,F-1-S5,F-3-S5,50,In Progress,2024-06-08,2024-06-09
BPO6-6-9,Batch-BPO6-6-9-P1006-50,PO6,P1006,S5,F-1-S5,F-3-S5,50,In Progress,2024-06-08,2024-06-09
BPO6-6-10,Batch-BPO6-6-10-P1006-50,PO6,P1006,S5,F-1-S5,F-3-S5,50,In Progress,2024-06-08,2024-06-09
BPO6-6-11,Batch-BPO6-6-11-P1006-50,PO6,P1006,S5,F-1-S5,F-3-S5,50,In Progress,2024-06-08,2024-06-09
BPO6-6-12,Batch-BPO6-6-12-P1006-50,PO6,P1006,S5,F-1-S5,F-3-S5,50,In Progress,2024-06-08,2024-06-09
BPO6-6-13,Batch-BPO6-6-13-P1006-50,PO6,P1006,S5,F-1-S5,F-3-S5,50,In Progress,2024-06-08,2024-06-09
BPO6-6-14,Batch-BPO6-6-14-P1006-50,PO6,P1006,S5,F-1-S5,F-3-S5,50,In Progress,2024-06-08,2024-06-09
BPO6-6-15,Batch-BPO6-6-15-P1006-50,PO6,P1006,S5,F-1-S5,F-3-S5,50,In Progress,2024-06-08,2024-06-09
BPO6-6-16,Batch-BPO6-6-16-P1006-30,PO6,P1006,S5,F-1-S5,F-3-S5,30,In Progress,2024-06-08,2024-06-09
BPO7-7-1,Batch-BPO7-7-1-P1002-40,PO7,P1002,S1,F-1-S1,F-3-S7,40,Completed,2024-06-07,2024-06-08
BPO7-7-2,Batch-BPO7-7-2-P1002-40,PO7,P1002,S1,F-1-S1,F-3-S7,40,Completed,2024-06-07,2024-06-08
BPO7-7-3,Batch-BPO7-7-3-P1002-40,PO7,P1002,S1,F-1-S1,F-3-S7,40,Completed,2024-06-07,2024-06-08
BPO7-7-4,Batch-BPO7-7-4-P1002-40,PO7,P1002,S1,F-1-S1,F-3-S7,40,Completed,2024-06-07,2024-06-08
BPO7-7-5,Batch-BPO7-7-5-P1002-40,PO7,P1002,S1,F-1-S1,F-3-S7,40,Completed,2024-06-07,2024-06-08
BPO7-7-6,Batch-BPO7-7-6-P1002-40,PO7,P1002,S1,F-1-S1,F-3-S7,40,Completed,2024-06-07,2024-06-08
BPO7-7-7,Batch-BPO7-7-7-P1002-40,PO7,P1002,S1,F-1-S1,F-3-S7,40,Completed,2024-06-07,2024-06-08
BPO7-7-8,Batch-BPO7-7-8-P1002-40,PO7,P1002,S1,F-1-S1,F-3-S7,40,Completed,2024-06-07,2024-06-08
BPO7-7-9,Batch-BPO7-7-9-P1002-40,PO7,P1002,S1,F-1-S1,F-3-S7,40,Completed,2024-06-07,2024-06-08
BPO7-7-10,Batch-BPO7-7-10-P1002-40,PO7,P1002,S1,F-1-S1,F-3-S7,40,Completed,2024-06-07,2024-06-08
BPO7-7-11,Batch-BPO7-7-11-P1002-40,PO7,P1002,S1,F-1-S1,F-3-S7,40,Completed,2024-06-07,2024-06-08
BPO7-7-12,Batch-BPO7-7-12-P1002-40,PO7,P1002,S1,F-1-S1,F-3-S7,40,Completed,2024-06-07,2024-06-08
BPO7-7-13,Batch-BPO7-7-13-P1002-40,PO7,P1002,S1,F-1-S1,F-3-S7,40,Completed,2024-06-07,2024-06-08
BPO7-7-14,Batch-BPO7-7-14-P1002-40,PO7,P1002,S1,F-1-S1,F-3-S7,40,Completed,2024-06-07,2024-06-08
BPO7-7-15,Batch-BPO7-7-15-P1002-40,PO7,P1002,S1,F-1-S1,F-3-S7,40,Completed,2024-06-07,2024-06-08
BPO7-7-16,Batch-BPO7-7-16-P1002-40,PO7,P1002,S1,F-1-S1,F-3-S7,40,Completed,2024-06-07,2024-06-08
BPO7-7-17,Batch-BPO7-7-17-P1002-40,PO7,P1002,S1,F-1-S1,F-3-S7,40,Completed,2024-06-07,2024-06-08
BPO7-7-18,Batch-BPO7-7-18-P1002-40,PO7,P1002,S1,F-1-S1,F-3-S7,40,Completed,2024-06-07,2024-06-08
BPO7-7-19,Batch-BPO7-7-19-P1002-40,PO7,P1002,S1,F-1-S1,F-3-S7,40,Completed,2024-06-07,2024-06-08
BPO7-7-20,Batch-BPO7-7-20-P1002-20,PO7,P1002,S1,F-1-S1,F-3-S7,20,Completed,2024-06-07,2024-06-08
BPO8-8-1,Batch-BPO8-8-1-P1008-70,PO8,P1008,S4,F-1-S4,F-3-S4,70,Completed,2024-06-06,2024-06-07
BPO8-8-2,Batch-BPO8-8-2-P1008-70,PO8,P1008,S4,F-1-S4,F-3-S4,70,Completed,2024-06-06,2024-06-07
BPO8-8-3,Batch-BPO8-8-3-P1008-70,PO8,P1008,S4,F-1-S4,F-3-S4,70,Completed,2024-06-06,2024-06-07
BPO8-8-4,Batch-BPO8-8-4-P1008-70,PO8,P1008,S4,F-1-S4,F-3-S4,70,Completed,2024-06-06,2024-06-07
BPO8-8-5,Batch-BPO8-8-5-P1008-70,PO8,P1008,S4,F-1-S4,F-3-S4,70,Completed,2024-06-06,2024-06-07
BPO8-8-6,Batch-BPO8-8-6-P1008-70,PO8,P1008,S4,F-1-S4,F-3-S4,70,Completed,2024-06-06,2024-06-07
BPO8-8-7,Batch-BPO8-8-7-P1008-70,PO8,P1008,S4,F-1-S4,F-3-S4,70,Completed,2024-06-06,2024-06-07
BPO8-8-8,Batch-BPO8-8-8-P1008-50,PO8,P1008,S4,F-1-S4,F-3-S4,50,Completed,2024-06-06,2024-06-07
BPO9-9-1,Batch-BPO9-9-1-P1005-50,PO9,P1005,S5,F-1-S5,F-3-S5,50,Completed,2024-06-05,2024-06-06
BPO9-9-2,Batch-BPO9-9-2-P1005-50,PO9,P1005,S5,F-1-S5,F-3-S5,50,Completed,2024-06-05,2024-06-06
BPO9-9-3,Batch-BPO9-9-3-P1005-50,PO9,P1005,S5,F-1-S5,F-3-S5,50,Completed,2024-06-05,2024-06-06
BPO9-9-4,Batch-BPO9-9-4-P1005-50,PO9,P1005,S5,F-1-S5,F-3-S5,50,Completed,2024-06-05,2024-06-06
BPO9-9-5,Batch-BPO9-9-5-P1005-50,PO9,P1005,S5,F-1-S5,F-3-S5,50,Completed,2024-06-05,2024-06-06
BPO9-9-6,Batch-BPO9-9-6-P1005-50,PO9,P1005,S5,F-1-S5,F-3-S5,50,Completed,2024-06-05,2024-06-06
BPO9-9-7,Batch-BPO9-9-7-P1005-50,PO9,P1005,S5,F-1-S5,F-3-S5,50,Completed,2024-06-05,2024-06-06
BPO9-9-8,Batch-BPO9-9-8-P1005-50,PO9,P1005,S5,F-1-S5,F-3-S5,50,Completed,2024-06-05,2024-06-06
BPO9-9-9,Batch-BPO9-9-9-P1005-50,PO9,P1005,S5,F-1-S5,F-3-S5,50,Completed,2024-06-05,2024-06-06
BPO9-9-10,Batch-BPO9-9-10-P1005-50,PO9,P1005,S5,F-1-S5,F-3-S5,50,Completed,2024-06-05,2024-06-06
BPO9-9-11,Batch-BPO9-9-11-P1005-50,PO9,P1005,S5,F-1-S5,F-3-S5,50,Completed,2024-06-05,2024-06-06
BPO9-9-12,Batch-BPO9-9-12-P1005-50,PO9,P1005,S5,F-1-S5,F-3-S5,50,Completed,2024-06-05,2024-06-06
BPO9-9-13,Batch-BPO9-9-13-P1005-50,PO9,P1005,S5,F-1-S5,F-3-S5,50,Completed,2024-06-05,2024-06-06
BPO9-9-14,Batch-BPO9-9-14-P1005-50,PO9,P1005,S5,F-1-S5,F-3-S5,50,Completed,2024-06-05,2024-06-06
BPO9-9-15,Batch-BPO9-9-15-P1005-50,PO9,P1005,S5,F-1-S5,F-3-S5,50,Completed,2024-06-05,2024-06-06
BPO9-9-16,Batch-BPO9-9-16-P1005-50,PO9,P1005,S5,F-1-S5,F-3-S5,50,Completed,2024-06-05,2024-06-06
BPO9-9-17,Batch-BPO9-9-17-P1005-50,PO9,P1005,S5,F-1-S5,F-3-S5,50,Completed,2024-06-05,2024-06-06
BPO9-9-18,Batch-BPO9-9-18-P1005-50,PO9,P1005,S5,F-1-S5,F-3-S5,50,Completed,2024-06-05,2024-06-06
BPO9-9-19,Batch-BPO9-9-19-P1005-50,PO9,P1005,S5,F-1-S5,F-3-S5,50,Completed,2024-06-05,2024-06-06
BPO9-9-20,Batch-BPO9-9-20-P1005-40,PO9,P1005,S5,F-1-S5,F-3-S5,40,Completed,2024-06-05,2024-06-06
BPO10-10-1,Batch-BPO10-10-1-P1005-50,PO10,P1005,S5,F-1-S5,F-3-S5,50,In Progress,2024-06-04,2024-06-05
BPO10-10-2,Batch-BPO10-10-2-P1005-50,PO10,P1005,S5,F-1-S5,F-3-S5,50,In Progress,2024-06-04,2024-06-05
BPO10-10-3,Batch-BPO10-10-3-P1005-50,PO10,P1005,S5,F-1-S5,F-3-S5,50,In Progress,2024-06-04,2024-06-05
BPO10-10-4,Batch-BPO10-10-4-P1005-50,PO10,P1005,S5,F-1-S5,F-3-S5,50,In Progress,2024-06-04,2024-06-05
BPO10-10-5,Batch-BPO10-10-5-P1005-50,PO10,P1005,S5,F-1-S5,F-3-S5,50,In Progress,2024-06-04,2024-06-05
BPO10-10-6,Batch-BPO10-10-6-P1005-50,PO10,P1005,S5,F-1-S5,F-3-S5,50,In Progress,2024-06-04,2024-06-05
BPO10-10-7,Batch-BPO10-10-7-P1005-50,PO10,P1005,S5,F-1-S5,F-3-S5,50,In Progress,2024-06-04,2024-06-05
BPO10-10-8,Batch-BPO10-10-8-P1005-50,PO10,P1005,S5,F-1-S5,F-3-S5,50,In Progress,2024-06-04,2024-06-05
BPO10-10-9,Batch-BPO10-10-9-P1005-50,PO10,P1005,S5,F-1-S5,F-3-S5,50,In Progress,2024-06-04,2024-06-05
BPO10-10-10,Batch-BPO10-10-10-P1005-50,PO10,P1005,S5,F-1-S5,F-3-S5,50,In Progress,2024-06-04,2024-06-05
BPO10-10-11,Batch-BPO10-10-11-P1005-50,PO10,P1005,S5,F-1-S5,F-3-S5,50,In Progress,2024-06-04,2024-06-05
BPO10-10-12,Batch-BPO10-10-12-P1005-50,PO10,P1005,S5,F-1-S5,F-3-S5,50,In Progress,2024-06-04,2024-06-05
BPO10-10-13,Batch-BPO10-10-13-P1005-50,PO10,P1005,S5,F-1-S5,F-3-S5,50,In Progress,2024-06-04,2024-06-05
BPO10-10-14,Batch-BPO10-10-14-P1005-10,PO10,P1005,S5,F-1-S5,F-3-S5,10,In Progress,2024-06-04,2024-06-05
BPO11-11-1,Batch-BPO11-11-1-P1002-40,PO11,P1002,S1,F-1-S1,F-3-S6,40,Completed,2024-06-03,2024-06-04
BPO11-11-2,Batch-BPO11-11-2-P1002-40,PO11,P1002,S1,F-1-S1,F-3-S6,40,Completed,2024-06-03,2024-06-04
BPO11-11-3,Batch-BPO11-11-3-P1002-40,PO11,P1002,S1,F-1-S1,F-3-S6,40,Completed,2024-06-03,2024-06-04
BPO11-11-4,Batch-BPO11-11-4-P1002-40,PO11,P1002,S1,F-1-S1,F-3-S6,40,Completed,2024-06-03,2024-06-04
BPO11-11-5,Batch-BPO11-11-5-P1002-40,PO11,P1002,S1,F-1-S1,F-3-S6,40,Completed,2024-06-03,2024-06-04
BPO11-11-6,Batch-BPO11-11-6-P1002-40,PO11,P1002,S1,F-1-S1,F-3-S6,40,Completed,2024-06-03,2024-06-04
BPO11-11-7,Batch-BPO11-11-7-P1002-40,PO11,P1002,S1,F-1-S1,F-3-S6,40,Completed,2024-06-03,2024-06-04
BPO11-11-8,Batch-BPO11-11-8-P1002-40,PO11,P1002,S1,F-1-S1,F-3-S6,40,Completed,2024-06-03,2024-06-04
BPO11-11-9,Batch-BPO11-11-9-P1002-40,PO11,P1002,S1,F-1-S1,F-3-S6,40,Completed,2024-06-03,2024-06-04
BPO11-11-10,Batch-BPO11-11-10-P1002-40,PO11,P1002,S1,F-1-S1,F-3-S6,40,Completed,2024-06-03,2024-06-04
BPO11-11-11,Batch-BPO11-11-11-P1002-40,PO11,P1002,S1,F-1-S1,F-3-S6,40,Completed,2024-06-03,2024-06-04
BPO11-11-12,Batch-BPO11-11-12-P1002-40,PO11,P1002,S1,F-1-S1,F-3-S6,40,Completed,2024-06-03,2024-06-04
BPO11-11-13,Batch-BPO11-11-13-P1002-40,PO11,P1002,S1,F-1-S1,F-3-S6,40,Completed,2024-06-03,2024-06-04
BPO11-11-14,Batch-BPO11-11-14-P1002-40,PO11,P1002,S1,F-1-S1,F-3-S6,40,Completed,2024-06-03,2024-06-04
BPO11-11-15,Batch-BPO11-11-15-P1002-40,PO11,P1002,S1,F-1-S1,F-3-S6,40,Completed,2024-06-03,2024-06-04
BPO11-11-16,Batch-BPO11-11-16-P1002-40,PO11,P1002,S1,F-1-S1,F-3-S6,40,Completed,2024-06-03,2024-06-04
BPO11-11-17,Batch-BPO11-11-17-P1002-40,PO11,P1002,S1,F-1-S1,F-3-S6,40,Completed,2024-06-03,2024-06-04
BPO11-11-18,Batch-BPO11-11-18-P1002-40,PO11,P1002,S1,F-1-S1,F-3-S6,40,Completed,2024-06-03,2024-06-04
BPO11-11-19,Batch-BPO11-11-19-P1002-40,PO11,P1002,S1,F-1-S1,F-3-S6,40,Completed,2024-06-03,2024-06-04
BPO11-11-20,Batch-BPO11-11-20-P1002-10,PO11,P1002,S1,F-1-S1,F-3-S6,10,Completed,2024-06-03,2024-06-04
BPO12-12-1,Batch-BPO12-12-1-P1006-50,PO12,P1006,S5,F-1-S5,F-3-S5,50,Completed,2024-06-02,2024-06-03
BPO12-12-2,Batch-BPO12-12-2-P1006-50,PO12,P1006,S5,F-1-S5,F-3-S5,50,Completed,2024-06-02,2024-06-03
BPO12-12-3,Batch-BPO12-12-3-P1006-50,PO12,P1006,S5,F-1-S5,F-3-S5,50,Completed,2024-06-02,2024-06-03
BPO12-12-4,Batch-BPO12-12-4-P1006-50,PO12,P1006,S5,F-1-S5,F-3-S5,50,Completed,2024-06-02,2024-06-03
BPO12-12-5,Batch-BPO12-12-5-P1006-50,PO12,P1006,S5,F-1-S5,F-3-S5,50,Completed,2024-06-02,2024-06-03
BPO12-12-6,Batch-BPO12-12-6-P1006-50,PO12,P1006,S5,F-1-S5,F-3-S5,50,Completed,2024-06-02,2024-06-03
BPO12-12-7,Batch-BPO12-12-7-P1006-50,PO12,P1006,S5,F-1-S5,F-3-S5,50,Completed,2024-06-02,2024-06-03
BPO12-12-8,Batch-BPO12-12-8-P1006-50,PO12,P1006,S5,F-1-S5,F-3-S5,50,Completed,2024-06-02,2024-06-03
BPO12-12-9,Batch-BPO12-12-9-P1006-50,PO12,P1006,S5,F-1-S5,F-3-S5,50,Completed,2024-06-02,2024-06-03
BPO12-12-10,Batch-BPO12-12-10-P1006-50,PO12,P1006,S5,F-1-S5,F-3-S5,50,Completed,2024-06-02,2024-06-03
BPO12-12-11,Batch-BPO12-12-11-P1006-50,PO12,P1006,S5,F-1-S5,F-3-S5,50,Completed,2024-06-02,2024-06-03
BPO12-12-12,Batch-BPO12-12-12-P1006-50,PO12,P1006,S5,F-1-S5,F-3-S5,50,Completed,2024-06-02,2024-06-03
BPO12-12-13,Batch-BPO12-12-13-P1006-50,PO12,P1006,S5,F-1-S5,F-3-S5,50,Completed,2024-06-02,2024-06-03
BPO12-12-14,Batch-BPO12-12-14-P1006-50,PO12,P1006,S5,F-1-S5,F-3-S5,50,Completed,2024-06-02,2024-06-03
BPO12-12-15,Batch-BPO12-12-15-P1006-50,PO12,P1006,S5,F-1-S5,F-3-S5,50,Completed,2024-06-02,2024-06-03
BPO12-12-16,Batch-BPO12-12-16-P1006-30,PO12,P1006,S5,F-1-S5,F-3-S5,30,Completed,2024-06-02,2024-06-03
BPO13-13-1,Batch-BPO13-13-1-P1008-70,PO13,P1008,S4,F-1-S4,F-3-S4,70,In Progress,2024-06-01,2024-06-02
BPO13-13-2,Batch-BPO13-13-2-P1008-70,PO13,P1008,S4,F-1-S4,F-3-S4,70,In Progress,2024-06-01,2024-06-02
BPO13-13-3,Batch-BPO13-13-3-P1008-70,PO13,P1008,S4,F-1-S4,F-3-S4,70,In Progress,2024-06-01,2024-06-02
BPO13-13-4,Batch-BPO13-13-4-P1008-70,PO13,P1008,S4,F-1-S4,F-3-S4,70,In Progress,2024-06-01,2024-06-02
BPO13-13-5,Batch-BPO13-13-5-P1008-70,PO13,P1008,S4,F-1-S4,F-3-S4,70,In Progress,2024-06-01,2024-06-02
BPO13-13-6,Batch-BPO13-13-6-P1008-70,PO13,P1008,S4,F-1-S4,F-3-S4,70,In Progress,2024-06-01,2024-06-02
BPO13-13-7,Batch-BPO13-13-7-P1008-70,PO13,P1008,S4,F-1-S4,F-3-S4,70,In Progress,2024-06-01,2024-06-02
BPO13-13-8,Batch-BPO13-13-8-P1008-70,PO13,P1008,S4,F-1-S4,F-3-S4,70,In Progress,2024-06-01,2024-06-02
BPO13-13-9,Batch-BPO13-13-9-P1008-70,PO13,P1008,S4,F-1-S4,F-3-S4,70,In Progress,2024-06-01,2024-06-02
BPO13-13-10,Batch-BPO13-13-10-P1008-70,PO13,P1008,S4,F-1-S4,F-3-S4,70,In Progress,2024-06-01,2024-06-02
BPO13-13-11,Batch-BPO13-13-11-P1008-70,PO13,P1008,S4,F-1-S4,F-3-S4,70,In Progress,2024-06-01,2024-06-02
BPO13-13-12,Batch-BPO13-13-12-P1008-70,PO13,P1008,S4,F-1-S4,F-3-S4,70,In Progress,2024-06-01,2024-06-02
BPO13-13-13,Batch-BPO13-13-13-P1008-70,PO13,P1008,S4,F-1-S4,F-3-S4,70,In Progress,2024-06-01,2024-06-02
BPO13-13-14,Batch-BPO13-13-14-P1008-30,PO13,P1008,S4,F-1-S4,F-3-S4,30,In Progress,2024-06-01,2024-06-02
BPO14-14-1,Batch-BPO14-14-1-P1002-40,PO14,P1002,S1,F-1-S1,F-3-S5,40,Completed,2024-05-31,2024-06-01
BPO14-14-2,Batch-BPO14-14-2-P1002-40,PO14,P1002,S1,F-1-S1,F-3-S5,40,Completed,2024-05-31,2024-06-01
BPO14-14-3,Batch-BPO14-14-3-P1002-40,PO14,P1002,S1,F-1-S1,F-3-S5,40,Completed,2024-05-31,2024-06-01
BPO14-14-4,Batch-BPO14-14-4-P1002-40,PO14,P1002,S1,F-1-S1,F-3-S5,40,Completed,2024-05-31,2024-06-01
BPO14-14-5,Batch-BPO14-14-5-P1002-40,PO14,P1002,S1,F-1-S1,F-3-S5,40,Completed,2024-05-31,2024-06-01
BPO14-14-6,Batch-BPO14-14-6-P1002-40,PO14,P1002,S1,F-1-S1,F-3-S5,40,Completed,2024-05-31,2024-06-01
BPO14-14-7,Batch-BPO14-14-7-P1002-40,PO14,P1002,S1,F-1-S1,F-3-S5,40,Completed,2024-05-31,2024-06-01
BPO14-14-8,Batch-BPO14-14-8-P1002-40,PO14,P1002,S1,F-1-S1,F-3-S5,40,Completed,2024-05-31,2024-06-01
BPO14-14-9,Batch-BPO14-14-9-P1002-40,PO14,P1002,S1,F-1-S1,F-3-S5,40,Completed,2024-05-31,2024-06-01
BPO14-14-10,Batch-BPO14-14-10-P1002-40,PO14,P1002,S1,F-1-S1,F-3-S5,40,Completed,2024-05-31,2024-06-01
BPO14-14-11,Batch-BPO14-14-11-P1002-40,PO14,P1002,S1,F-1-S1,F-3-S5,40,Completed,2024-05-31,2024-06-01
BPO14-14-12,Batch-BPO14-14-12-P1002-40,PO14,P1002,S1,F-1-S1,F-3-S5,40,Completed,2024-05-31,2024-06-01
BPO14-14-13,Batch-BPO14-14-13-P1002-40,PO14,P1002,S1,F-1-S1,F-3-S5,40,Completed,2024-05-31,2024-06-01
BPO14-14-14,Batch-BPO14-14-14-P1002-40,PO14,P1002,S1,F-1-S1,F-3-S5,40,Completed,2024-05-31,2024-06-01
BPO14-14-15,Batch-BPO14-14-15-P1002-40,PO14,P1002,S1,F-1-S1,F-3-S5,40,Completed,2024-05-31,2024-06-01
BPO14-14-16,Batch-BPO14-14-16-P1002-10,PO14,P1002,S1,F-1-S1,F-3-S5,10,Completed,2024-05-31,2024-06-01
BPO15-15-1,Batch-BPO15-15-1-P1006-50,PO15,P1006,S5,F-1-S5,F-3-S5,50,Planned,2024-05-30,2024-05-31
BPO15-15-2,Batch-BPO15-15-2-P1006-50,PO15,P1006,S5,F-1-S5,F-3-S5,50,Planned,2024-05-30,2024-05-31
BPO15-15-3,Batch-BPO15-15-3-P1006-50,PO15,P1006,S5,F-1-S5,F-3-S5,50,Planned,2024-05-30,2024-05-31
BPO15-15-4,Batch-BPO15-15-4-P1006-50,PO15,P1006,S5,F-1-S5,F-3-S5,50,Planned,2024-05-30,2024-05-31
BPO15-15-5,Batch-BPO15-15-5-P1006-50,PO15,P1006,S5,F-1-S5,F-3-S5,50,Planned,2024-05-30,2024-05-31
BPO15-15-6,Batch-BPO15-15-6-P1006-50,PO15,P1006,S5,F-1-S5,F-3-S5,50,Planned,2024-05-30,2024-05-31
BPO15-15-7,Batch-BPO15-15-7-P1006-50,PO15,P1006,S5,F-1-S5,F-3-S5,50,Planned,2024-05-30,2024-05-31
BPO15-15-8,Batch-BPO15-15-8-P1006-50,PO15,P1006,S5,F-1-S5,F-3-S5,50,Planned,2024-05-30,2024-05-31
BPO15-15-9,Batch-BPO15-15-9-P1006-50,PO15,P1006,S5,F-1-S5,F-3-S5,50,Planned,2024-05-30,2024-05-31
BPO15-15-10,Batch-BPO15-15-10-P1006-50,PO15,P1006,S5,F-1-S5,F-3-S5,50,Planned,2024-05-30,2024-05-31
BPO15-15-11,Batch-BPO15-15-11-P1006-50,PO15,P1006,S5,F-1-S5,F-3-S5,50,Planned,2024-05-30,2024-05-31
BPO15-15-12,Batch-BPO15-15-12-P1006-50,PO15,P1006,S5,F-1-S5,F-3-S5,50,Planned,2024-05-30,2024-05-31
BPO15-15-13,Batch-BPO15-15-13-P1006-50,PO15,P1006,S5,F-1-S5,F-3-S5,50,Planned,2024-05-30,2024-05-31
BPO15-15-14,Batch-BPO15-15-14-P1006-50,PO15,P1006,S5,F-1-S5,F-3-S5,50,Planned,2024-05-30,2024-05-31
BPO15-15-15,Batch-BPO15-15-15-P1006-50,PO15,P1006,S5,F-1-S5,F-3-S5,50,Planned,2024-05-30,2024-05-31
BPO15-15-16,Batch-BPO15-15-16-P1006-50,PO15,P1006,S5,F-1-S5,F-3-S5,50,Planned,2024-05-30,2024-05-31
BPO16-16-1,Batch-BPO16-16-1-P1006-50,PO16,P1006,S5,F-1-S5,F-3-S5,50,In Progress,2024-05-29,2024-05-30
BPO16-16-2,Batch-BPO16-16-2-P1006-50,PO16,P1006,S5,F-1-S5,F-3-S5,50,In Progress,2024-05-29,2024-05-30
BPO16-16-3,Batch-BPO16-16-3-P1006-50,PO16,P1006,S5,F-1-S5,F-3-S5,50,In Progress,2024-05-29,2024-05-30
BPO16-16-4,Batch-BPO16-16-4-P1006-50,PO16,P1006,S5,F-1-S5,F-3-S5,50,In Progress,2024-05-29,2024-05-30
BPO16-16-5,Batch-BPO16-16-5-P1006-50,PO16,P1006,S5,F-1-S5,F-3-S5,50,In Progress,2024-05-29,2024-05-30
BPO16-16-6,Batch-BPO16-16-6-P1006-50,PO16,P1006,S5,F-1-S5,F-3-S5,50,In Progress,2024-05-29,2024-05-30
BPO16-16-7,Batch-BPO16-16-7-P1006-50,PO16,P1006,S5,F-1-S5,F-3-S5,50,In Progress,2024-05-29,2024-05-30
BPO16-16-8,Batch-BPO16-16-8-P1006-50,PO16,P1006,S5,F-1-S5,F-3-S5,50,In Progress,2024-05-29,2024-05-30
BPO16-16-9,Batch-BPO16-16-9-P1006-50,PO16,P1006,S5,F-1-S5,F-3-S5,50,In Progress,2024-05-29,2024-05-30
BPO16-16-10,Batch-BPO16-16-10-P1006-50,PO16,P1006,S5,F-1-S5,F-3-S5,50,In Progress,2024-05-29,2024-05-30
BPO16-16-11,Batch-BPO16-16-11-P1006-40,PO16,P1006,S5,F-1-S5,F-3-S5,40,In Progress,2024-05-29,2024-05-30
BPO17-17-1,Batch-BPO17-17-1-P1002-40,PO17,P1002,S1,F-1-S1,F-3-S6,40,Completed,2024-05-28,2024-05-29
BPO17-17-2,Batch-BPO17-17-2-P1002-40,PO17,P1002,S1,F-1-S1,F-3-S6,40,Completed,2024-05-28,2024-05-29
BPO17-17-3,Batch-BPO17-17-3-P1002-40,PO17,P1002,S1,F-1-S1,F-3-S6,40,Completed,2024-05-28,2024-05-29
BPO17-17-4,Batch-BPO17-17-4-P1002-40,PO17,P1002,S1,F-1-S1,F-3-S6,40,Completed,2024-05-28,2024-05-29
BPO17-17-5,Batch-BPO17-17-5-P1002-40,PO17,P1002,S1,F-1-S1,F-3-S6,40,Completed,2024-05-28,2024-05-29
BPO17-17-6,Batch-BPO17-17-6-P1002-40,PO17,P1002,S1,F-1-S1,F-3-S6,40,Completed,2024-05-28,2024-05-29
BPO17-17-7,Batch-BPO17-17-7-P1002-40,PO17,P1002,S1,F-1-S1,F-3-S6,40,Completed,2024-05-28,2024-05-29
BPO17-17-8,Batch-BPO17-17-8-P1002-40,PO17,P1002,S1,F-1-S1,F-3-S6,40,Completed,2024-05-28,2024-05-29
BPO17-17-9,Batch-BPO17-17-9-P1002-40,PO17,P1002,S1,F-1-S1,F-3-S6,40,Completed,2024-05-28,2024-05-29
BPO17-17-10,Batch-BPO17-17-10-P1002-40,PO17,P1002,S1,F-1-S1,F-3-S6,40,Completed,2024-05-28,2024-05-29
BPO17-17-11,Batch-BPO17-17-11-P1002-40,PO17,P1002,S1,F-1-S1,F-3-S6,40,Completed,2024-05-28,2024-05-29
BPO17-17-12,Batch-BPO17-17-12-P1002-40,PO17,P1002,S1,F-1-S1,F-3-S6,40,Completed,2024-05-28,2024-05-29
BPO17-17-13,Batch-BPO17-17-13-P1002-40,PO17,P1002,S1,F-1-S1,F-3-S6,40,Completed,2024-05-28,2024-05-29
BPO17-17-14,Batch-BPO17-17-14-P1002-40,PO17,P1002,S1,F-1-S1,F-3-S6,40,Completed,2024-05-28,2024-05-29
BPO17-17-15,Batch-BPO17-17-15-P1002-40,PO17,P1002,S1,F-1-S1,F-3-S6,40,Completed,2024-05-28,2024-05-29
BPO17-17-16,Batch-BPO17-17-16-P1002-40,PO17,P1002,S1,F-1-S1,F-3-S6,40,Completed,2024-05-28,2024-05-29
BPO18-18-1,Batch-BPO18-18-1-P1001-80,PO18,P1001,S9,F-1-S9,F-2-S3,80,Planned,2024-05-27,2024-05-28
BPO18-18-2,Batch-BPO18-18-2-P1001-80,PO18,P1001,S9,F-1-S9,F-2-S3,80,Planned,2024-05-27,2024-05-28
BPO18-18-3,Batch-BPO18-18-3-P1001-80,PO18,P1001,S9,F-1-S9,F-2-S3,80,Planned,2024-05-27,2024-05-28
BPO18-18-4,Batch-BPO18-18-4-P1001-80,PO18,P1001,S9,F-1-S9,F-2-S3,80,Planned,2024-05-27,2024-05-28
BPO18-18-5,Batch-BPO18-18-5-P1001-80,PO18,P1001,S9,F-1-S9,F-2-S3,80,Planned,2024-05-27,2024-05-28
BPO18-18-6,Batch-BPO18-18-6-P1001-80,PO18,P1001,S9,F-1-S9,F-2-S3,80,Planned,2024-05-27,2024-05-28
BPO18-18-7,Batch-BPO18-18-7-P1001-80,PO18,P1001,S9,F-1-S9,F-2-S3,80,Planned,2024-05-27,2024-05-28
BPO18-18-8,Batch-BPO18-18-8-P1001-40,PO18,P1001,S9,F-1-S9,F-2-S3,40,Planned,2024-05-27,2024-05-28
BPO19-19-1,Batch-BPO19-19-1-P1006-50,PO19,P1006,S5,F-1-S5,F-3-S5,50,Completed,2024-05-26,2024-05-27
BPO19-19-2,Batch-BPO19-19-2-P1006-50,PO19,P1006,S5,F-1-S5,F-3-S5,50,Completed,2024-05-26,2024-05-27
BPO19-19-3,Batch-BPO19-19-3-P1006-50,PO19,P1006,S5,F-1-S5,F-3-S5,50,Completed,2024-05-26,2024-05-27
BPO19-19-4,Batch-BPO19-19-4-P1006-50,PO19,P1006,S5,F-1-S5,F-3-S5,50,Completed,2024-05-26,2024-05-27
BPO19-19-5,Batch-BPO19-19-5-P1006-50,PO19,P1006,S5,F-1-S5,F-3-S5,50,Completed,2024-05-26,2024-05-27
BPO19-19-6,Batch-BPO19-19-6-P1006-50,PO19,P1006,S5,F-1-S5,F-3-S5,50,Completed,2024-05-26,2024-05-27
BPO19-19-7,Batch-BPO19-19-7-P1006-50,PO19,P1006,S5,F-1-S5,F-3-S5,50,Completed,2024-05-26,2024-05-27
BPO19-19-8,Batch-BPO19-19-8-P1006-50,PO19,P1006,S5,F-1-S5,F-3-S5,50,Completed,2024-05-26,2024-05-27
BPO19-19-9,Batch-BPO19-19-9-P1006-50,PO19,P1006,S5,F-1-S5,F-3-S5,50,Completed,2024-05-26,2024-05-27
BPO19-19-10,Batch-BPO19-19-10-P1006-50,PO19,P1006,S5,F-1-S5,F-3-S5,50,Completed,2024-05-26,2024-05-27
BPO19-19-11,Batch-BPO19-19-11-P1006-10,PO19,P1006,S5,F-1-S5,F-3-S5,10,Completed,2024-05-26,2024-05-27
BPO20-20-1,Batch-BPO20-20-1-P1003-90,PO20,P1003,S10,F-1-S10,F-2-S2,90,Completed,2024-05-25,2024-05-26
BPO20-20-2,Batch-BPO20-20-2-P1003-90,PO20,P1003,S10,F-1-S10,F-2-S2,90,Completed,2024-05-25,2024-05-26
BPO20-20-3,Batch-BPO20-20-3-P1003-90,PO20,P1003,S10,F-1-S10,F-2-S2,90,Completed,2024-05-25,2024-05-26
BPO20-20-4,Batch-BPO20-20-4-P1003-90,PO20,P1003,S10,F-1-S10,F-2-S2,90,Completed,2024-05-25,2024-05-26
BPO20-20-5,Batch-BPO20-20-5-P1003-90,PO20,P1003,S10,F-1-S10,F-2-S2,90,Completed,2024-05-25,2024-05-26
BPO20-20-6,Batch-BPO20-20-6-P1003-90,PO20,P1003,S10,F-1-S10,F-2-S2,90,Completed,2024-05-25,2024-05-26
BPO20-20-7,Batch-BPO20-20-7-P1003-90,PO20,P1003,S10,F-1-S10,F-2-S2,90,Completed,2024-05-25,2024-05-26
BPO20-20-8,Batch-BPO20-20-8-P1003-90,PO20,P1003,S10,F-1-S10,F-2-S2,90,Completed,2024-05-25,2024-05-26
BPO20-20-9,Batch-BPO20-20-9-P1003-90,PO20,P1003,S10,F-1-S10,F-2-S2,90,Completed,2024-05-25,2024-05-26
BPO20-20-10,Batch-BPO20-20-10-P1003-90,PO20,P1003,S10,F-1-S10,F-2-S2,90,Completed,2024-05-25,2024-05-26
BPO20-20-11,Batch-BPO20-20-11-P1003-20,PO20,P1003,S10,F-1-S10,F-2-S2,20,Completed,2024-05-25,2024-05-26
