id,name,Test,Result,BatchID,WOID,Status,FacilityID,SiteID
LIMS-1,LIMS-A121-WO-BPO1-1-1-LIMS,Microbiological Testing,100,BPO1-1-1,WO-BPO1-1-1-LIMS,Passed,F-1-S5,S5
LIMS-2,LIMS-A125-WO-BPO1-1-1-LIMS,Stability Testing,93,BPO1-1-1,WO-BPO1-1-1-LIMS,Passed,F-1-S5,S5
LIMS-3,LIMS-A122-WO-BPO1-1-1-LIMS,Chemical Analysis,94,BPO1-1-1,WO-BPO1-1-1-LIMS,Passed,F-1-S5,S5
LIMS-4,LIMS-A123-WO-BPO1-1-2-LIMS,Physical Testing,98,BPO1-1-2,WO-BPO1-1-2-LIMS,Passed,F-1-S5,S5
LIMS-5,LIMS-A121-WO-BPO1-1-2-LIMS,Microbiological Testing,93,BPO1-1-2,WO-BPO1-1-2-LIMS,Passed,F-1-S5,S5
LIMS-6,LIMS-A124-WO-BPO1-1-2-LIMS,Environmental Monitoring,70,BPO1-1-2,WO-BPO1-1-2-LIMS,Failed,F-1-S5,S5
LIMS-7,LIMS-A123-WO-BPO1-1-3-LIMS,Physical Testing,99,BPO1-1-3,WO-BPO1-1-3-LIMS,Passed,F-1-S5,S5
LIMS-8,LIMS-A125-WO-BPO1-1-3-LIMS,Stability Testing,98,BPO1-1-3,WO-BPO1-1-3-LIMS,Passed,F-1-S5,S5
LIMS-9,LIMS-A122-WO-BPO1-1-3-LIMS,Chemical Analysis,65,BPO1-1-3,WO-BPO1-1-3-LIMS,Failed,F-1-S5,S5
LIMS-10,LIMS-A124-WO-BPO1-1-4-LIMS,Environmental Monitoring,95,BPO1-1-4,WO-BPO1-1-4-LIMS,Passed,F-1-S5,S5
LIMS-11,LIMS-A125-WO-BPO1-1-4-LIMS,Stability Testing,95,BPO1-1-4,WO-BPO1-1-4-LIMS,Passed,F-1-S5,S5
LIMS-12,LIMS-A121-WO-BPO1-1-4-LIMS,Microbiological Testing,99,BPO1-1-4,WO-BPO1-1-4-LIMS,Passed,F-1-S5,S5
LIMS-13,LIMS-A123-WO-BPO1-1-5-LIMS,Physical Testing,93,BPO1-1-5,WO-BPO1-1-5-LIMS,Passed,F-1-S5,S5
LIMS-14,LIMS-A121-WO-BPO1-1-5-LIMS,Microbiological Testing,100,BPO1-1-5,WO-BPO1-1-5-LIMS,Passed,F-1-S5,S5
LIMS-15,LIMS-A124-WO-BPO1-1-5-LIMS,Environmental Monitoring,99,BPO1-1-5,WO-BPO1-1-5-LIMS,Passed,F-1-S5,S5
LIMS-16,LIMS-A125-WO-BPO1-1-6-LIMS,Stability Testing,65,BPO1-1-6,WO-BPO1-1-6-LIMS,Failed,F-1-S5,S5
LIMS-17,LIMS-A123-WO-BPO1-1-6-LIMS,Physical Testing,96,BPO1-1-6,WO-BPO1-1-6-LIMS,Passed,F-1-S5,S5
LIMS-18,LIMS-A121-WO-BPO1-1-6-LIMS,Microbiological Testing,94,BPO1-1-6,WO-BPO1-1-6-LIMS,Passed,F-1-S5,S5
LIMS-19,LIMS-A123-WO-BPO1-1-7-LIMS,Physical Testing,96,BPO1-1-7,WO-BPO1-1-7-LIMS,Passed,F-1-S5,S5
LIMS-20,LIMS-A122-WO-BPO1-1-7-LIMS,Chemical Analysis,81,BPO1-1-7,WO-BPO1-1-7-LIMS,InProgress,F-1-S5,S5
LIMS-21,LIMS-A124-WO-BPO1-1-7-LIMS,Environmental Monitoring,92,BPO1-1-7,WO-BPO1-1-7-LIMS,Passed,F-1-S5,S5
LIMS-22,LIMS-A123-WO-BPO1-1-8-LIMS,Physical Testing,93,BPO1-1-8,WO-BPO1-1-8-LIMS,Passed,F-1-S5,S5
LIMS-23,LIMS-A124-WO-BPO1-1-8-LIMS,Environmental Monitoring,99,BPO1-1-8,WO-BPO1-1-8-LIMS,Passed,F-1-S5,S5
LIMS-24,LIMS-A125-WO-BPO1-1-8-LIMS,Stability Testing,91,BPO1-1-8,WO-BPO1-1-8-LIMS,Passed,F-1-S5,S5
LIMS-25,LIMS-A122-WO-BPO1-1-9-LIMS,Chemical Analysis,91,BPO1-1-9,WO-BPO1-1-9-LIMS,Passed,F-1-S5,S5
LIMS-26,LIMS-A124-WO-BPO1-1-9-LIMS,Environmental Monitoring,92,BPO1-1-9,WO-BPO1-1-9-LIMS,Passed,F-1-S5,S5
LIMS-27,LIMS-A123-WO-BPO1-1-9-LIMS,Physical Testing,98,BPO1-1-9,WO-BPO1-1-9-LIMS,Passed,F-1-S5,S5
LIMS-28,LIMS-A123-WO-BPO1-1-10-LIMS,Physical Testing,93,BPO1-1-10,WO-BPO1-1-10-LIMS,Passed,F-1-S5,S5
LIMS-29,LIMS-A124-WO-BPO1-1-10-LIMS,Environmental Monitoring,94,BPO1-1-10,WO-BPO1-1-10-LIMS,Passed,F-1-S5,S5
LIMS-30,LIMS-A125-WO-BPO1-1-10-LIMS,Stability Testing,95,BPO1-1-10,WO-BPO1-1-10-LIMS,Passed,F-1-S5,S5
LIMS-31,LIMS-A124-WO-BPO1-1-11-LIMS,Environmental Monitoring,91,BPO1-1-11,WO-BPO1-1-11-LIMS,Passed,F-1-S5,S5
LIMS-32,LIMS-A121-WO-BPO1-1-11-LIMS,Microbiological Testing,99,BPO1-1-11,WO-BPO1-1-11-LIMS,Passed,F-1-S5,S5
LIMS-33,LIMS-A123-WO-BPO1-1-11-LIMS,Physical Testing,93,BPO1-1-11,WO-BPO1-1-11-LIMS,Passed,F-1-S5,S5
LIMS-34,LIMS-A121-WO-BPO1-1-12-LIMS,Microbiological Testing,99,BPO1-1-12,WO-BPO1-1-12-LIMS,Passed,F-1-S5,S5
LIMS-35,LIMS-A125-WO-BPO1-1-12-LIMS,Stability Testing,97,BPO1-1-12,WO-BPO1-1-12-LIMS,Passed,F-1-S5,S5
LIMS-36,LIMS-A124-WO-BPO1-1-12-LIMS,Environmental Monitoring,99,BPO1-1-12,WO-BPO1-1-12-LIMS,Passed,F-1-S5,S5
LIMS-37,LIMS-A122-WO-BPO1-1-13-LIMS,Chemical Analysis,84,BPO1-1-13,WO-BPO1-1-13-LIMS,InProgress,F-1-S5,S5
LIMS-38,LIMS-A124-WO-BPO1-1-13-LIMS,Environmental Monitoring,100,BPO1-1-13,WO-BPO1-1-13-LIMS,Passed,F-1-S5,S5
LIMS-39,LIMS-A125-WO-BPO1-1-13-LIMS,Stability Testing,99,BPO1-1-13,WO-BPO1-1-13-LIMS,Passed,F-1-S5,S5
LIMS-40,LIMS-A123-WO-BPO1-1-14-LIMS,Physical Testing,100,BPO1-1-14,WO-BPO1-1-14-LIMS,Passed,F-1-S5,S5
LIMS-41,LIMS-A122-WO-BPO1-1-14-LIMS,Chemical Analysis,79,BPO1-1-14,WO-BPO1-1-14-LIMS,Failed,F-1-S5,S5
LIMS-42,LIMS-A121-WO-BPO1-1-14-LIMS,Microbiological Testing,91,BPO1-1-14,WO-BPO1-1-14-LIMS,Passed,F-1-S5,S5
LIMS-43,LIMS-A217-WO-BPO2-2-1-LIMS,Environmental Monitoring,93,BPO2-2-1,WO-BPO2-2-1-LIMS,Passed,F-1-S8,S8
LIMS-44,LIMS-A214-WO-BPO2-2-1-LIMS,Microbiological Testing,97,BPO2-2-1,WO-BPO2-2-1-LIMS,Passed,F-1-S8,S8
LIMS-45,LIMS-A218-WO-BPO2-2-1-LIMS,Stability Testing,98,BPO2-2-1,WO-BPO2-2-1-LIMS,Passed,F-1-S8,S8
LIMS-46,LIMS-A214-WO-BPO2-2-2-LIMS,Microbiological Testing,97,BPO2-2-2,WO-BPO2-2-2-LIMS,Passed,F-1-S8,S8
LIMS-47,LIMS-A218-WO-BPO2-2-2-LIMS,Stability Testing,95,BPO2-2-2,WO-BPO2-2-2-LIMS,Passed,F-1-S8,S8
LIMS-48,LIMS-A217-WO-BPO2-2-2-LIMS,Environmental Monitoring,91,BPO2-2-2,WO-BPO2-2-2-LIMS,Passed,F-1-S8,S8
LIMS-49,LIMS-A218-WO-BPO2-2-3-LIMS,Stability Testing,96,BPO2-2-3,WO-BPO2-2-3-LIMS,Passed,F-1-S8,S8
LIMS-50,LIMS-A216-WO-BPO2-2-3-LIMS,Physical Testing,99,BPO2-2-3,WO-BPO2-2-3-LIMS,Passed,F-1-S8,S8
LIMS-51,LIMS-A217-WO-BPO2-2-3-LIMS,Environmental Monitoring,94,BPO2-2-3,WO-BPO2-2-3-LIMS,Passed,F-1-S8,S8
LIMS-52,LIMS-A217-WO-BPO2-2-4-LIMS,Environmental Monitoring,94,BPO2-2-4,WO-BPO2-2-4-LIMS,Passed,F-1-S8,S8
LIMS-53,LIMS-A218-WO-BPO2-2-4-LIMS,Stability Testing,92,BPO2-2-4,WO-BPO2-2-4-LIMS,Passed,F-1-S8,S8
LIMS-54,LIMS-A215-WO-BPO2-2-4-LIMS,Chemical Analysis,91,BPO2-2-4,WO-BPO2-2-4-LIMS,Passed,F-1-S8,S8
LIMS-55,LIMS-A215-WO-BPO2-2-5-LIMS,Chemical Analysis,93,BPO2-2-5,WO-BPO2-2-5-LIMS,Passed,F-1-S8,S8
LIMS-56,LIMS-A218-WO-BPO2-2-5-LIMS,Stability Testing,82,BPO2-2-5,WO-BPO2-2-5-LIMS,InProgress,F-1-S8,S8
LIMS-57,LIMS-A217-WO-BPO2-2-5-LIMS,Environmental Monitoring,99,BPO2-2-5,WO-BPO2-2-5-LIMS,Passed,F-1-S8,S8
LIMS-58,LIMS-A217-WO-BPO2-2-6-LIMS,Environmental Monitoring,100,BPO2-2-6,WO-BPO2-2-6-LIMS,Passed,F-1-S8,S8
LIMS-59,LIMS-A216-WO-BPO2-2-6-LIMS,Physical Testing,98,BPO2-2-6,WO-BPO2-2-6-LIMS,Passed,F-1-S8,S8
LIMS-60,LIMS-A215-WO-BPO2-2-6-LIMS,Chemical Analysis,100,BPO2-2-6,WO-BPO2-2-6-LIMS,Passed,F-1-S8,S8
LIMS-61,LIMS-A218-WO-BPO2-2-7-LIMS,Stability Testing,91,BPO2-2-7,WO-BPO2-2-7-LIMS,Passed,F-1-S8,S8
LIMS-62,LIMS-A217-WO-BPO2-2-7-LIMS,Environmental Monitoring,98,BPO2-2-7,WO-BPO2-2-7-LIMS,Passed,F-1-S8,S8
LIMS-63,LIMS-A215-WO-BPO2-2-7-LIMS,Chemical Analysis,100,BPO2-2-7,WO-BPO2-2-7-LIMS,Passed,F-1-S8,S8
LIMS-64,LIMS-A218-WO-BPO2-2-8-LIMS,Stability Testing,96,BPO2-2-8,WO-BPO2-2-8-LIMS,Passed,F-1-S8,S8
LIMS-65,LIMS-A215-WO-BPO2-2-8-LIMS,Chemical Analysis,96,BPO2-2-8,WO-BPO2-2-8-LIMS,Passed,F-1-S8,S8
LIMS-66,LIMS-A214-WO-BPO2-2-8-LIMS,Microbiological Testing,98,BPO2-2-8,WO-BPO2-2-8-LIMS,Passed,F-1-S8,S8
LIMS-67,LIMS-A122-WO-BPO3-3-1-LIMS,Chemical Analysis,92,BPO3-3-1,WO-BPO3-3-1-LIMS,Passed,F-1-S5,S5
LIMS-68,LIMS-A123-WO-BPO3-3-1-LIMS,Physical Testing,94,BPO3-3-1,WO-BPO3-3-1-LIMS,Passed,F-1-S5,S5
LIMS-69,LIMS-A125-WO-BPO3-3-1-LIMS,Stability Testing,94,BPO3-3-1,WO-BPO3-3-1-LIMS,Passed,F-1-S5,S5
LIMS-70,LIMS-A122-WO-BPO3-3-2-LIMS,Chemical Analysis,91,BPO3-3-2,WO-BPO3-3-2-LIMS,Passed,F-1-S5,S5
LIMS-71,LIMS-A124-WO-BPO3-3-2-LIMS,Environmental Monitoring,99,BPO3-3-2,WO-BPO3-3-2-LIMS,Passed,F-1-S5,S5
LIMS-72,LIMS-A125-WO-BPO3-3-2-LIMS,Stability Testing,92,BPO3-3-2,WO-BPO3-3-2-LIMS,Passed,F-1-S5,S5
LIMS-73,LIMS-A124-WO-BPO3-3-3-LIMS,Environmental Monitoring,99,BPO3-3-3,WO-BPO3-3-3-LIMS,Passed,F-1-S5,S5
LIMS-74,LIMS-A121-WO-BPO3-3-3-LIMS,Microbiological Testing,98,BPO3-3-3,WO-BPO3-3-3-LIMS,Passed,F-1-S5,S5
LIMS-75,LIMS-A125-WO-BPO3-3-3-LIMS,Stability Testing,91,BPO3-3-3,WO-BPO3-3-3-LIMS,Passed,F-1-S5,S5
LIMS-76,LIMS-A121-WO-BPO3-3-4-LIMS,Microbiological Testing,85,BPO3-3-4,WO-BPO3-3-4-LIMS,InProgress,F-1-S5,S5
LIMS-77,LIMS-A122-WO-BPO3-3-4-LIMS,Chemical Analysis,94,BPO3-3-4,WO-BPO3-3-4-LIMS,Passed,F-1-S5,S5
LIMS-78,LIMS-A123-WO-BPO3-3-4-LIMS,Physical Testing,96,BPO3-3-4,WO-BPO3-3-4-LIMS,Passed,F-1-S5,S5
LIMS-79,LIMS-A121-WO-BPO3-3-5-LIMS,Microbiological Testing,97,BPO3-3-5,WO-BPO3-3-5-LIMS,Passed,F-1-S5,S5
LIMS-80,LIMS-A124-WO-BPO3-3-5-LIMS,Environmental Monitoring,93,BPO3-3-5,WO-BPO3-3-5-LIMS,Passed,F-1-S5,S5
LIMS-81,LIMS-A122-WO-BPO3-3-5-LIMS,Chemical Analysis,94,BPO3-3-5,WO-BPO3-3-5-LIMS,Passed,F-1-S5,S5
LIMS-82,LIMS-A123-WO-BPO3-3-6-LIMS,Physical Testing,98,BPO3-3-6,WO-BPO3-3-6-LIMS,Passed,F-1-S5,S5
LIMS-83,LIMS-A124-WO-BPO3-3-6-LIMS,Environmental Monitoring,97,BPO3-3-6,WO-BPO3-3-6-LIMS,Passed,F-1-S5,S5
LIMS-84,LIMS-A122-WO-BPO3-3-6-LIMS,Chemical Analysis,96,BPO3-3-6,WO-BPO3-3-6-LIMS,Passed,F-1-S5,S5
LIMS-85,LIMS-A125-WO-BPO3-3-7-LIMS,Stability Testing,91,BPO3-3-7,WO-BPO3-3-7-LIMS,Passed,F-1-S5,S5
LIMS-86,LIMS-A123-WO-BPO3-3-7-LIMS,Physical Testing,97,BPO3-3-7,WO-BPO3-3-7-LIMS,Passed,F-1-S5,S5
LIMS-87,LIMS-A122-WO-BPO3-3-7-LIMS,Chemical Analysis,98,BPO3-3-7,WO-BPO3-3-7-LIMS,Passed,F-1-S5,S5
LIMS-88,LIMS-A123-WO-BPO3-3-8-LIMS,Physical Testing,98,BPO3-3-8,WO-BPO3-3-8-LIMS,Passed,F-1-S5,S5
LIMS-89,LIMS-A124-WO-BPO3-3-8-LIMS,Environmental Monitoring,95,BPO3-3-8,WO-BPO3-3-8-LIMS,Passed,F-1-S5,S5
LIMS-90,LIMS-A121-WO-BPO3-3-8-LIMS,Microbiological Testing,94,BPO3-3-8,WO-BPO3-3-8-LIMS,Passed,F-1-S5,S5
LIMS-91,LIMS-A125-WO-BPO3-3-9-LIMS,Stability Testing,99,BPO3-3-9,WO-BPO3-3-9-LIMS,Passed,F-1-S5,S5
LIMS-92,LIMS-A123-WO-BPO3-3-9-LIMS,Physical Testing,92,BPO3-3-9,WO-BPO3-3-9-LIMS,Passed,F-1-S5,S5
LIMS-93,LIMS-A121-WO-BPO3-3-9-LIMS,Microbiological Testing,97,BPO3-3-9,WO-BPO3-3-9-LIMS,Passed,F-1-S5,S5
LIMS-94,LIMS-A125-WO-BPO3-3-10-LIMS,Stability Testing,93,BPO3-3-10,WO-BPO3-3-10-LIMS,Passed,F-1-S5,S5
LIMS-95,LIMS-A122-WO-BPO3-3-10-LIMS,Chemical Analysis,93,BPO3-3-10,WO-BPO3-3-10-LIMS,Passed,F-1-S5,S5
LIMS-96,LIMS-A121-WO-BPO3-3-10-LIMS,Microbiological Testing,95,BPO3-3-10,WO-BPO3-3-10-LIMS,Passed,F-1-S5,S5
LIMS-97,LIMS-A121-WO-BPO3-3-11-LIMS,Microbiological Testing,97,BPO3-3-11,WO-BPO3-3-11-LIMS,Passed,F-1-S5,S5
LIMS-98,LIMS-A124-WO-BPO3-3-11-LIMS,Environmental Monitoring,91,BPO3-3-11,WO-BPO3-3-11-LIMS,Passed,F-1-S5,S5
LIMS-99,LIMS-A122-WO-BPO3-3-11-LIMS,Chemical Analysis,95,BPO3-3-11,WO-BPO3-3-11-LIMS,Passed,F-1-S5,S5
LIMS-100,LIMS-A216-WO-BPO4-4-1-LIMS,Physical Testing,93,BPO4-4-1,WO-BPO4-4-1-LIMS,Passed,F-1-S8,S8
LIMS-101,LIMS-A218-WO-BPO4-4-1-LIMS,Stability Testing,97,BPO4-4-1,WO-BPO4-4-1-LIMS,Passed,F-1-S8,S8
LIMS-102,LIMS-A215-WO-BPO4-4-1-LIMS,Chemical Analysis,98,BPO4-4-1,WO-BPO4-4-1-LIMS,Passed,F-1-S8,S8
LIMS-103,LIMS-A214-WO-BPO4-4-2-LIMS,Microbiological Testing,92,BPO4-4-2,WO-BPO4-4-2-LIMS,Passed,F-1-S8,S8
LIMS-104,LIMS-A215-WO-BPO4-4-2-LIMS,Chemical Analysis,97,BPO4-4-2,WO-BPO4-4-2-LIMS,Passed,F-1-S8,S8
LIMS-105,LIMS-A218-WO-BPO4-4-2-LIMS,Stability Testing,91,BPO4-4-2,WO-BPO4-4-2-LIMS,Passed,F-1-S8,S8
LIMS-106,LIMS-A214-WO-BPO4-4-3-LIMS,Microbiological Testing,99,BPO4-4-3,WO-BPO4-4-3-LIMS,Passed,F-1-S8,S8
LIMS-107,LIMS-A216-WO-BPO4-4-3-LIMS,Physical Testing,94,BPO4-4-3,WO-BPO4-4-3-LIMS,Passed,F-1-S8,S8
LIMS-108,LIMS-A215-WO-BPO4-4-3-LIMS,Chemical Analysis,92,BPO4-4-3,WO-BPO4-4-3-LIMS,Passed,F-1-S8,S8
LIMS-109,LIMS-A215-WO-BPO4-4-4-LIMS,Chemical Analysis,99,BPO4-4-4,WO-BPO4-4-4-LIMS,Passed,F-1-S8,S8
LIMS-110,LIMS-A217-WO-BPO4-4-4-LIMS,Environmental Monitoring,96,BPO4-4-4,WO-BPO4-4-4-LIMS,Passed,F-1-S8,S8
LIMS-111,LIMS-A216-WO-BPO4-4-4-LIMS,Physical Testing,98,BPO4-4-4,WO-BPO4-4-4-LIMS,Passed,F-1-S8,S8
LIMS-112,LIMS-A217-WO-BPO4-4-5-LIMS,Environmental Monitoring,93,BPO4-4-5,WO-BPO4-4-5-LIMS,Passed,F-1-S8,S8
LIMS-113,LIMS-A214-WO-BPO4-4-5-LIMS,Microbiological Testing,94,BPO4-4-5,WO-BPO4-4-5-LIMS,Passed,F-1-S8,S8
LIMS-114,LIMS-A218-WO-BPO4-4-5-LIMS,Stability Testing,99,BPO4-4-5,WO-BPO4-4-5-LIMS,Passed,F-1-S8,S8
LIMS-115,LIMS-A215-WO-BPO4-4-6-LIMS,Chemical Analysis,85,BPO4-4-6,WO-BPO4-4-6-LIMS,InProgress,F-1-S8,S8
LIMS-116,LIMS-A218-WO-BPO4-4-6-LIMS,Stability Testing,97,BPO4-4-6,WO-BPO4-4-6-LIMS,Passed,F-1-S8,S8
LIMS-117,LIMS-A217-WO-BPO4-4-6-LIMS,Environmental Monitoring,96,BPO4-4-6,WO-BPO4-4-6-LIMS,Passed,F-1-S8,S8
LIMS-118,LIMS-A214-WO-BPO4-4-7-LIMS,Microbiological Testing,91,BPO4-4-7,WO-BPO4-4-7-LIMS,Passed,F-1-S8,S8
LIMS-119,LIMS-A218-WO-BPO4-4-7-LIMS,Stability Testing,94,BPO4-4-7,WO-BPO4-4-7-LIMS,Passed,F-1-S8,S8
LIMS-120,LIMS-A217-WO-BPO4-4-7-LIMS,Environmental Monitoring,96,BPO4-4-7,WO-BPO4-4-7-LIMS,Passed,F-1-S8,S8
LIMS-121,LIMS-A99-WO-BPO5-5-1-LIMS,Microbiological Testing,92,BPO5-5-1,WO-BPO5-5-1-LIMS,Passed,F-1-S4,S4
LIMS-122,LIMS-A100-WO-BPO5-5-1-LIMS,Chemical Analysis,94,BPO5-5-1,WO-BPO5-5-1-LIMS,Passed,F-1-S4,S4
LIMS-123,LIMS-A102-WO-BPO5-5-1-LIMS,Environmental Monitoring,96,BPO5-5-1,WO-BPO5-5-1-LIMS,Passed,F-1-S4,S4
LIMS-124,LIMS-A99-WO-BPO5-5-2-LIMS,Microbiological Testing,97,BPO5-5-2,WO-BPO5-5-2-LIMS,Passed,F-1-S4,S4
LIMS-125,LIMS-A101-WO-BPO5-5-2-LIMS,Physical Testing,87,BPO5-5-2,WO-BPO5-5-2-LIMS,InProgress,F-1-S4,S4
LIMS-126,LIMS-A102-WO-BPO5-5-2-LIMS,Environmental Monitoring,98,BPO5-5-2,WO-BPO5-5-2-LIMS,Passed,F-1-S4,S4
LIMS-127,LIMS-A103-WO-BPO5-5-3-LIMS,Stability Testing,100,BPO5-5-3,WO-BPO5-5-3-LIMS,Passed,F-1-S4,S4
LIMS-128,LIMS-A102-WO-BPO5-5-3-LIMS,Environmental Monitoring,99,BPO5-5-3,WO-BPO5-5-3-LIMS,Passed,F-1-S4,S4
LIMS-129,LIMS-A101-WO-BPO5-5-3-LIMS,Physical Testing,97,BPO5-5-3,WO-BPO5-5-3-LIMS,Passed,F-1-S4,S4
LIMS-130,LIMS-A99-WO-BPO5-5-4-LIMS,Microbiological Testing,93,BPO5-5-4,WO-BPO5-5-4-LIMS,Passed,F-1-S4,S4
LIMS-131,LIMS-A102-WO-BPO5-5-4-LIMS,Environmental Monitoring,91,BPO5-5-4,WO-BPO5-5-4-LIMS,Passed,F-1-S4,S4
LIMS-132,LIMS-A100-WO-BPO5-5-4-LIMS,Chemical Analysis,98,BPO5-5-4,WO-BPO5-5-4-LIMS,Passed,F-1-S4,S4
LIMS-133,LIMS-A99-WO-BPO5-5-5-LIMS,Microbiological Testing,99,BPO5-5-5,WO-BPO5-5-5-LIMS,Passed,F-1-S4,S4
LIMS-134,LIMS-A101-WO-BPO5-5-5-LIMS,Physical Testing,92,BPO5-5-5,WO-BPO5-5-5-LIMS,Passed,F-1-S4,S4
LIMS-135,LIMS-A102-WO-BPO5-5-5-LIMS,Environmental Monitoring,98,BPO5-5-5,WO-BPO5-5-5-LIMS,Passed,F-1-S4,S4
LIMS-136,LIMS-A100-WO-BPO5-5-6-LIMS,Chemical Analysis,95,BPO5-5-6,WO-BPO5-5-6-LIMS,Passed,F-1-S4,S4
LIMS-137,LIMS-A101-WO-BPO5-5-6-LIMS,Physical Testing,96,BPO5-5-6,WO-BPO5-5-6-LIMS,Passed,F-1-S4,S4
LIMS-138,LIMS-A103-WO-BPO5-5-6-LIMS,Stability Testing,76,BPO5-5-6,WO-BPO5-5-6-LIMS,Failed,F-1-S4,S4
LIMS-139,LIMS-A99-WO-BPO5-5-7-LIMS,Microbiological Testing,94,BPO5-5-7,WO-BPO5-5-7-LIMS,Passed,F-1-S4,S4
LIMS-140,LIMS-A103-WO-BPO5-5-7-LIMS,Stability Testing,97,BPO5-5-7,WO-BPO5-5-7-LIMS,Passed,F-1-S4,S4
LIMS-141,LIMS-A101-WO-BPO5-5-7-LIMS,Physical Testing,92,BPO5-5-7,WO-BPO5-5-7-LIMS,Passed,F-1-S4,S4
LIMS-142,LIMS-A100-WO-BPO5-5-8-LIMS,Chemical Analysis,99,BPO5-5-8,WO-BPO5-5-8-LIMS,Passed,F-1-S4,S4
LIMS-143,LIMS-A102-WO-BPO5-5-8-LIMS,Environmental Monitoring,96,BPO5-5-8,WO-BPO5-5-8-LIMS,Passed,F-1-S4,S4
LIMS-144,LIMS-A103-WO-BPO5-5-8-LIMS,Stability Testing,95,BPO5-5-8,WO-BPO5-5-8-LIMS,Passed,F-1-S4,S4
LIMS-145,LIMS-A103-WO-BPO5-5-9-LIMS,Stability Testing,93,BPO5-5-9,WO-BPO5-5-9-LIMS,Passed,F-1-S4,S4
LIMS-146,LIMS-A100-WO-BPO5-5-9-LIMS,Chemical Analysis,94,BPO5-5-9,WO-BPO5-5-9-LIMS,Passed,F-1-S4,S4
LIMS-147,LIMS-A99-WO-BPO5-5-9-LIMS,Microbiological Testing,91,BPO5-5-9,WO-BPO5-5-9-LIMS,Passed,F-1-S4,S4
LIMS-148,LIMS-A101-WO-BPO5-5-10-LIMS,Physical Testing,95,BPO5-5-10,WO-BPO5-5-10-LIMS,Passed,F-1-S4,S4
LIMS-149,LIMS-A102-WO-BPO5-5-10-LIMS,Environmental Monitoring,99,BPO5-5-10,WO-BPO5-5-10-LIMS,Passed,F-1-S4,S4
LIMS-150,LIMS-A99-WO-BPO5-5-10-LIMS,Microbiological Testing,94,BPO5-5-10,WO-BPO5-5-10-LIMS,Passed,F-1-S4,S4
LIMS-151,LIMS-A100-WO-BPO5-5-11-LIMS,Chemical Analysis,96,BPO5-5-11,WO-BPO5-5-11-LIMS,Passed,F-1-S4,S4
LIMS-152,LIMS-A99-WO-BPO5-5-11-LIMS,Microbiological Testing,95,BPO5-5-11,WO-BPO5-5-11-LIMS,Passed,F-1-S4,S4
LIMS-153,LIMS-A101-WO-BPO5-5-11-LIMS,Physical Testing,97,BPO5-5-11,WO-BPO5-5-11-LIMS,Passed,F-1-S4,S4
LIMS-154,LIMS-A102-WO-BPO5-5-12-LIMS,Environmental Monitoring,98,BPO5-5-12,WO-BPO5-5-12-LIMS,Passed,F-1-S4,S4
LIMS-155,LIMS-A100-WO-BPO5-5-12-LIMS,Chemical Analysis,91,BPO5-5-12,WO-BPO5-5-12-LIMS,Passed,F-1-S4,S4
LIMS-156,LIMS-A103-WO-BPO5-5-12-LIMS,Stability Testing,93,BPO5-5-12,WO-BPO5-5-12-LIMS,Passed,F-1-S4,S4
LIMS-157,LIMS-A123-WO-BPO6-6-1-LIMS,Physical Testing,91,BPO6-6-1,WO-BPO6-6-1-LIMS,Passed,F-1-S5,S5
LIMS-158,LIMS-A125-WO-BPO6-6-1-LIMS,Stability Testing,96,BPO6-6-1,WO-BPO6-6-1-LIMS,Passed,F-1-S5,S5
LIMS-159,LIMS-A122-WO-BPO6-6-1-LIMS,Chemical Analysis,93,BPO6-6-1,WO-BPO6-6-1-LIMS,Passed,F-1-S5,S5
LIMS-160,LIMS-A121-WO-BPO6-6-2-LIMS,Microbiological Testing,98,BPO6-6-2,WO-BPO6-6-2-LIMS,Passed,F-1-S5,S5
LIMS-161,LIMS-A122-WO-BPO6-6-2-LIMS,Chemical Analysis,81,BPO6-6-2,WO-BPO6-6-2-LIMS,InProgress,F-1-S5,S5
LIMS-162,LIMS-A123-WO-BPO6-6-2-LIMS,Physical Testing,96,BPO6-6-2,WO-BPO6-6-2-LIMS,Passed,F-1-S5,S5
LIMS-163,LIMS-A123-WO-BPO6-6-3-LIMS,Physical Testing,93,BPO6-6-3,WO-BPO6-6-3-LIMS,Passed,F-1-S5,S5
LIMS-164,LIMS-A125-WO-BPO6-6-3-LIMS,Stability Testing,96,BPO6-6-3,WO-BPO6-6-3-LIMS,Passed,F-1-S5,S5
LIMS-165,LIMS-A121-WO-BPO6-6-3-LIMS,Microbiological Testing,97,BPO6-6-3,WO-BPO6-6-3-LIMS,Passed,F-1-S5,S5
LIMS-166,LIMS-A124-WO-BPO6-6-4-LIMS,Environmental Monitoring,92,BPO6-6-4,WO-BPO6-6-4-LIMS,Passed,F-1-S5,S5
LIMS-167,LIMS-A123-WO-BPO6-6-4-LIMS,Physical Testing,93,BPO6-6-4,WO-BPO6-6-4-LIMS,Passed,F-1-S5,S5
LIMS-168,LIMS-A122-WO-BPO6-6-4-LIMS,Chemical Analysis,91,BPO6-6-4,WO-BPO6-6-4-LIMS,Passed,F-1-S5,S5
LIMS-169,LIMS-A121-WO-BPO6-6-5-LIMS,Microbiological Testing,91,BPO6-6-5,WO-BPO6-6-5-LIMS,Passed,F-1-S5,S5
LIMS-170,LIMS-A123-WO-BPO6-6-5-LIMS,Physical Testing,94,BPO6-6-5,WO-BPO6-6-5-LIMS,Passed,F-1-S5,S5
LIMS-171,LIMS-A125-WO-BPO6-6-5-LIMS,Stability Testing,91,BPO6-6-5,WO-BPO6-6-5-LIMS,Passed,F-1-S5,S5
LIMS-172,LIMS-A124-WO-BPO6-6-6-LIMS,Environmental Monitoring,94,BPO6-6-6,WO-BPO6-6-6-LIMS,Passed,F-1-S5,S5
LIMS-173,LIMS-A122-WO-BPO6-6-6-LIMS,Chemical Analysis,100,BPO6-6-6,WO-BPO6-6-6-LIMS,Passed,F-1-S5,S5
LIMS-174,LIMS-A125-WO-BPO6-6-6-LIMS,Stability Testing,99,BPO6-6-6,WO-BPO6-6-6-LIMS,Passed,F-1-S5,S5
LIMS-175,LIMS-A125-WO-BPO6-6-7-LIMS,Stability Testing,91,BPO6-6-7,WO-BPO6-6-7-LIMS,Passed,F-1-S5,S5
LIMS-176,LIMS-A124-WO-BPO6-6-7-LIMS,Environmental Monitoring,91,BPO6-6-7,WO-BPO6-6-7-LIMS,Passed,F-1-S5,S5
LIMS-177,LIMS-A122-WO-BPO6-6-7-LIMS,Chemical Analysis,92,BPO6-6-7,WO-BPO6-6-7-LIMS,Passed,F-1-S5,S5
LIMS-178,LIMS-A122-WO-BPO6-6-8-LIMS,Chemical Analysis,96,BPO6-6-8,WO-BPO6-6-8-LIMS,Passed,F-1-S5,S5
LIMS-179,LIMS-A121-WO-BPO6-6-8-LIMS,Microbiological Testing,83,BPO6-6-8,WO-BPO6-6-8-LIMS,InProgress,F-1-S5,S5
LIMS-180,LIMS-A123-WO-BPO6-6-8-LIMS,Physical Testing,95,BPO6-6-8,WO-BPO6-6-8-LIMS,Passed,F-1-S5,S5
LIMS-181,LIMS-A123-WO-BPO6-6-9-LIMS,Physical Testing,91,BPO6-6-9,WO-BPO6-6-9-LIMS,Passed,F-1-S5,S5
LIMS-182,LIMS-A125-WO-BPO6-6-9-LIMS,Stability Testing,100,BPO6-6-9,WO-BPO6-6-9-LIMS,Passed,F-1-S5,S5
LIMS-183,LIMS-A124-WO-BPO6-6-9-LIMS,Environmental Monitoring,98,BPO6-6-9,WO-BPO6-6-9-LIMS,Passed,F-1-S5,S5
LIMS-184,LIMS-A121-WO-BPO6-6-10-LIMS,Microbiological Testing,97,BPO6-6-10,WO-BPO6-6-10-LIMS,Passed,F-1-S5,S5
LIMS-185,LIMS-A125-WO-BPO6-6-10-LIMS,Stability Testing,100,BPO6-6-10,WO-BPO6-6-10-LIMS,Passed,F-1-S5,S5
LIMS-186,LIMS-A123-WO-BPO6-6-10-LIMS,Physical Testing,93,BPO6-6-10,WO-BPO6-6-10-LIMS,Passed,F-1-S5,S5
LIMS-187,LIMS-A124-WO-BPO6-6-11-LIMS,Environmental Monitoring,97,BPO6-6-11,WO-BPO6-6-11-LIMS,Passed,F-1-S5,S5
LIMS-188,LIMS-A121-WO-BPO6-6-11-LIMS,Microbiological Testing,94,BPO6-6-11,WO-BPO6-6-11-LIMS,Passed,F-1-S5,S5
LIMS-189,LIMS-A123-WO-BPO6-6-11-LIMS,Physical Testing,92,BPO6-6-11,WO-BPO6-6-11-LIMS,Passed,F-1-S5,S5
LIMS-190,LIMS-A122-WO-BPO6-6-12-LIMS,Chemical Analysis,100,BPO6-6-12,WO-BPO6-6-12-LIMS,Passed,F-1-S5,S5
LIMS-191,LIMS-A124-WO-BPO6-6-12-LIMS,Environmental Monitoring,96,BPO6-6-12,WO-BPO6-6-12-LIMS,Passed,F-1-S5,S5
LIMS-192,LIMS-A121-WO-BPO6-6-12-LIMS,Microbiological Testing,85,BPO6-6-12,WO-BPO6-6-12-LIMS,InProgress,F-1-S5,S5
LIMS-193,LIMS-A121-WO-BPO6-6-13-LIMS,Microbiological Testing,98,BPO6-6-13,WO-BPO6-6-13-LIMS,Passed,F-1-S5,S5
LIMS-194,LIMS-A124-WO-BPO6-6-13-LIMS,Environmental Monitoring,100,BPO6-6-13,WO-BPO6-6-13-LIMS,Passed,F-1-S5,S5
LIMS-195,LIMS-A122-WO-BPO6-6-13-LIMS,Chemical Analysis,96,BPO6-6-13,WO-BPO6-6-13-LIMS,Passed,F-1-S5,S5
LIMS-196,LIMS-A123-WO-BPO6-6-14-LIMS,Physical Testing,98,BPO6-6-14,WO-BPO6-6-14-LIMS,Passed,F-1-S5,S5
LIMS-197,LIMS-A121-WO-BPO6-6-14-LIMS,Microbiological Testing,91,BPO6-6-14,WO-BPO6-6-14-LIMS,Passed,F-1-S5,S5
LIMS-198,LIMS-A125-WO-BPO6-6-14-LIMS,Stability Testing,100,BPO6-6-14,WO-BPO6-6-14-LIMS,Passed,F-1-S5,S5
LIMS-199,LIMS-A121-WO-BPO6-6-15-LIMS,Microbiological Testing,91,BPO6-6-15,WO-BPO6-6-15-LIMS,Passed,F-1-S5,S5
LIMS-200,LIMS-A123-WO-BPO6-6-15-LIMS,Physical Testing,98,BPO6-6-15,WO-BPO6-6-15-LIMS,Passed,F-1-S5,S5
LIMS-201,LIMS-A124-WO-BPO6-6-15-LIMS,Environmental Monitoring,95,BPO6-6-15,WO-BPO6-6-15-LIMS,Passed,F-1-S5,S5
LIMS-202,LIMS-A124-WO-BPO6-6-16-LIMS,Environmental Monitoring,91,BPO6-6-16,WO-BPO6-6-16-LIMS,Passed,F-1-S5,S5
LIMS-203,LIMS-A122-WO-BPO6-6-16-LIMS,Chemical Analysis,92,BPO6-6-16,WO-BPO6-6-16-LIMS,Passed,F-1-S5,S5
LIMS-204,LIMS-A121-WO-BPO6-6-16-LIMS,Microbiological Testing,96,BPO6-6-16,WO-BPO6-6-16-LIMS,Passed,F-1-S5,S5
LIMS-205,LIMS-A24-WO-BPO7-7-1-LIMS,Environmental Monitoring,78,BPO7-7-1,WO-BPO7-7-1-LIMS,Failed,F-1-S1,S1
LIMS-206,LIMS-A23-WO-BPO7-7-1-LIMS,Physical Testing,95,BPO7-7-1,WO-BPO7-7-1-LIMS,Passed,F-1-S1,S1
LIMS-207,LIMS-A21-WO-BPO7-7-1-LIMS,Microbiological Testing,99,BPO7-7-1,WO-BPO7-7-1-LIMS,Passed,F-1-S1,S1
LIMS-208,LIMS-A23-WO-BPO7-7-2-LIMS,Physical Testing,91,BPO7-7-2,WO-BPO7-7-2-LIMS,Passed,F-1-S1,S1
LIMS-209,LIMS-A22-WO-BPO7-7-2-LIMS,Chemical Analysis,98,BPO7-7-2,WO-BPO7-7-2-LIMS,Passed,F-1-S1,S1
LIMS-210,LIMS-A24-WO-BPO7-7-2-LIMS,Environmental Monitoring,100,BPO7-7-2,WO-BPO7-7-2-LIMS,Passed,F-1-S1,S1
LIMS-211,LIMS-A23-WO-BPO7-7-3-LIMS,Physical Testing,93,BPO7-7-3,WO-BPO7-7-3-LIMS,Passed,F-1-S1,S1
LIMS-212,LIMS-A24-WO-BPO7-7-3-LIMS,Environmental Monitoring,92,BPO7-7-3,WO-BPO7-7-3-LIMS,Passed,F-1-S1,S1
LIMS-213,LIMS-A22-WO-BPO7-7-3-LIMS,Chemical Analysis,93,BPO7-7-3,WO-BPO7-7-3-LIMS,Passed,F-1-S1,S1
LIMS-214,LIMS-A22-WO-BPO7-7-4-LIMS,Chemical Analysis,92,BPO7-7-4,WO-BPO7-7-4-LIMS,Passed,F-1-S1,S1
LIMS-215,LIMS-A21-WO-BPO7-7-4-LIMS,Microbiological Testing,100,BPO7-7-4,WO-BPO7-7-4-LIMS,Passed,F-1-S1,S1
LIMS-216,LIMS-A23-WO-BPO7-7-4-LIMS,Physical Testing,88,BPO7-7-4,WO-BPO7-7-4-LIMS,InProgress,F-1-S1,S1
LIMS-217,LIMS-A22-WO-BPO7-7-5-LIMS,Chemical Analysis,96,BPO7-7-5,WO-BPO7-7-5-LIMS,Passed,F-1-S1,S1
LIMS-218,LIMS-A25-WO-BPO7-7-5-LIMS,Stability Testing,94,BPO7-7-5,WO-BPO7-7-5-LIMS,Passed,F-1-S1,S1
LIMS-219,LIMS-A21-WO-BPO7-7-5-LIMS,Microbiological Testing,94,BPO7-7-5,WO-BPO7-7-5-LIMS,Passed,F-1-S1,S1
LIMS-220,LIMS-A22-WO-BPO7-7-6-LIMS,Chemical Analysis,94,BPO7-7-6,WO-BPO7-7-6-LIMS,Passed,F-1-S1,S1
LIMS-221,LIMS-A21-WO-BPO7-7-6-LIMS,Microbiological Testing,98,BPO7-7-6,WO-BPO7-7-6-LIMS,Passed,F-1-S1,S1
LIMS-222,LIMS-A24-WO-BPO7-7-6-LIMS,Environmental Monitoring,91,BPO7-7-6,WO-BPO7-7-6-LIMS,Passed,F-1-S1,S1
LIMS-223,LIMS-A24-WO-BPO7-7-7-LIMS,Environmental Monitoring,92,BPO7-7-7,WO-BPO7-7-7-LIMS,Passed,F-1-S1,S1
LIMS-224,LIMS-A21-WO-BPO7-7-7-LIMS,Microbiological Testing,82,BPO7-7-7,WO-BPO7-7-7-LIMS,InProgress,F-1-S1,S1
LIMS-225,LIMS-A25-WO-BPO7-7-7-LIMS,Stability Testing,100,BPO7-7-7,WO-BPO7-7-7-LIMS,Passed,F-1-S1,S1
LIMS-226,LIMS-A24-WO-BPO7-7-8-LIMS,Environmental Monitoring,100,BPO7-7-8,WO-BPO7-7-8-LIMS,Passed,F-1-S1,S1
LIMS-227,LIMS-A21-WO-BPO7-7-8-LIMS,Microbiological Testing,98,BPO7-7-8,WO-BPO7-7-8-LIMS,Passed,F-1-S1,S1
LIMS-228,LIMS-A23-WO-BPO7-7-8-LIMS,Physical Testing,91,BPO7-7-8,WO-BPO7-7-8-LIMS,Passed,F-1-S1,S1
LIMS-229,LIMS-A25-WO-BPO7-7-9-LIMS,Stability Testing,89,BPO7-7-9,WO-BPO7-7-9-LIMS,InProgress,F-1-S1,S1
LIMS-230,LIMS-A22-WO-BPO7-7-9-LIMS,Chemical Analysis,95,BPO7-7-9,WO-BPO7-7-9-LIMS,Passed,F-1-S1,S1
LIMS-231,LIMS-A23-WO-BPO7-7-9-LIMS,Physical Testing,93,BPO7-7-9,WO-BPO7-7-9-LIMS,Passed,F-1-S1,S1
LIMS-232,LIMS-A25-WO-BPO7-7-10-LIMS,Stability Testing,93,BPO7-7-10,WO-BPO7-7-10-LIMS,Passed,F-1-S1,S1
LIMS-233,LIMS-A23-WO-BPO7-7-10-LIMS,Physical Testing,95,BPO7-7-10,WO-BPO7-7-10-LIMS,Passed,F-1-S1,S1
LIMS-234,LIMS-A21-WO-BPO7-7-10-LIMS,Microbiological Testing,99,BPO7-7-10,WO-BPO7-7-10-LIMS,Passed,F-1-S1,S1
LIMS-235,LIMS-A23-WO-BPO7-7-11-LIMS,Physical Testing,97,BPO7-7-11,WO-BPO7-7-11-LIMS,Passed,F-1-S1,S1
LIMS-236,LIMS-A25-WO-BPO7-7-11-LIMS,Stability Testing,99,BPO7-7-11,WO-BPO7-7-11-LIMS,Passed,F-1-S1,S1
LIMS-237,LIMS-A21-WO-BPO7-7-11-LIMS,Microbiological Testing,100,BPO7-7-11,WO-BPO7-7-11-LIMS,Passed,F-1-S1,S1
LIMS-238,LIMS-A22-WO-BPO7-7-12-LIMS,Chemical Analysis,91,BPO7-7-12,WO-BPO7-7-12-LIMS,Passed,F-1-S1,S1
LIMS-239,LIMS-A24-WO-BPO7-7-12-LIMS,Environmental Monitoring,94,BPO7-7-12,WO-BPO7-7-12-LIMS,Passed,F-1-S1,S1
LIMS-240,LIMS-A21-WO-BPO7-7-12-LIMS,Microbiological Testing,98,BPO7-7-12,WO-BPO7-7-12-LIMS,Passed,F-1-S1,S1
LIMS-241,LIMS-A21-WO-BPO7-7-13-LIMS,Microbiological Testing,94,BPO7-7-13,WO-BPO7-7-13-LIMS,Passed,F-1-S1,S1
LIMS-242,LIMS-A24-WO-BPO7-7-13-LIMS,Environmental Monitoring,96,BPO7-7-13,WO-BPO7-7-13-LIMS,Passed,F-1-S1,S1
LIMS-243,LIMS-A23-WO-BPO7-7-13-LIMS,Physical Testing,93,BPO7-7-13,WO-BPO7-7-13-LIMS,Passed,F-1-S1,S1
LIMS-244,LIMS-A22-WO-BPO7-7-14-LIMS,Chemical Analysis,91,BPO7-7-14,WO-BPO7-7-14-LIMS,Passed,F-1-S1,S1
LIMS-245,LIMS-A24-WO-BPO7-7-14-LIMS,Environmental Monitoring,93,BPO7-7-14,WO-BPO7-7-14-LIMS,Passed,F-1-S1,S1
LIMS-246,LIMS-A25-WO-BPO7-7-14-LIMS,Stability Testing,91,BPO7-7-14,WO-BPO7-7-14-LIMS,Passed,F-1-S1,S1
LIMS-247,LIMS-A24-WO-BPO7-7-15-LIMS,Environmental Monitoring,92,BPO7-7-15,WO-BPO7-7-15-LIMS,Passed,F-1-S1,S1
LIMS-248,LIMS-A21-WO-BPO7-7-15-LIMS,Microbiological Testing,91,BPO7-7-15,WO-BPO7-7-15-LIMS,Passed,F-1-S1,S1
LIMS-249,LIMS-A23-WO-BPO7-7-15-LIMS,Physical Testing,91,BPO7-7-15,WO-BPO7-7-15-LIMS,Passed,F-1-S1,S1
LIMS-250,LIMS-A21-WO-BPO7-7-16-LIMS,Microbiological Testing,96,BPO7-7-16,WO-BPO7-7-16-LIMS,Passed,F-1-S1,S1
LIMS-251,LIMS-A23-WO-BPO7-7-16-LIMS,Physical Testing,100,BPO7-7-16,WO-BPO7-7-16-LIMS,Passed,F-1-S1,S1
LIMS-252,LIMS-A22-WO-BPO7-7-16-LIMS,Chemical Analysis,79,BPO7-7-16,WO-BPO7-7-16-LIMS,Failed,F-1-S1,S1
LIMS-253,LIMS-A25-WO-BPO7-7-17-LIMS,Stability Testing,91,BPO7-7-17,WO-BPO7-7-17-LIMS,Passed,F-1-S1,S1
LIMS-254,LIMS-A21-WO-BPO7-7-17-LIMS,Microbiological Testing,99,BPO7-7-17,WO-BPO7-7-17-LIMS,Passed,F-1-S1,S1
LIMS-255,LIMS-A24-WO-BPO7-7-17-LIMS,Environmental Monitoring,97,BPO7-7-17,WO-BPO7-7-17-LIMS,Passed,F-1-S1,S1
LIMS-256,LIMS-A23-WO-BPO7-7-18-LIMS,Physical Testing,97,BPO7-7-18,WO-BPO7-7-18-LIMS,Passed,F-1-S1,S1
LIMS-257,LIMS-A21-WO-BPO7-7-18-LIMS,Microbiological Testing,96,BPO7-7-18,WO-BPO7-7-18-LIMS,Passed,F-1-S1,S1
LIMS-258,LIMS-A24-WO-BPO7-7-18-LIMS,Environmental Monitoring,91,BPO7-7-18,WO-BPO7-7-18-LIMS,Passed,F-1-S1,S1
LIMS-259,LIMS-A24-WO-BPO7-7-19-LIMS,Environmental Monitoring,95,BPO7-7-19,WO-BPO7-7-19-LIMS,Passed,F-1-S1,S1
LIMS-260,LIMS-A23-WO-BPO7-7-19-LIMS,Physical Testing,96,BPO7-7-19,WO-BPO7-7-19-LIMS,Passed,F-1-S1,S1
LIMS-261,LIMS-A21-WO-BPO7-7-19-LIMS,Microbiological Testing,92,BPO7-7-19,WO-BPO7-7-19-LIMS,Passed,F-1-S1,S1
LIMS-262,LIMS-A25-WO-BPO7-7-20-LIMS,Stability Testing,92,BPO7-7-20,WO-BPO7-7-20-LIMS,Passed,F-1-S1,S1
LIMS-263,LIMS-A24-WO-BPO7-7-20-LIMS,Environmental Monitoring,91,BPO7-7-20,WO-BPO7-7-20-LIMS,Passed,F-1-S1,S1
LIMS-264,LIMS-A23-WO-BPO7-7-20-LIMS,Physical Testing,98,BPO7-7-20,WO-BPO7-7-20-LIMS,Passed,F-1-S1,S1
LIMS-265,LIMS-A103-WO-BPO8-8-1-LIMS,Stability Testing,100,BPO8-8-1,WO-BPO8-8-1-LIMS,Passed,F-1-S4,S4
LIMS-266,LIMS-A101-WO-BPO8-8-1-LIMS,Physical Testing,91,BPO8-8-1,WO-BPO8-8-1-LIMS,Passed,F-1-S4,S4
LIMS-267,LIMS-A102-WO-BPO8-8-1-LIMS,Environmental Monitoring,99,BPO8-8-1,WO-BPO8-8-1-LIMS,Passed,F-1-S4,S4
LIMS-268,LIMS-A99-WO-BPO8-8-2-LIMS,Microbiological Testing,72,BPO8-8-2,WO-BPO8-8-2-LIMS,Failed,F-1-S4,S4
LIMS-269,LIMS-A100-WO-BPO8-8-2-LIMS,Chemical Analysis,96,BPO8-8-2,WO-BPO8-8-2-LIMS,Passed,F-1-S4,S4
LIMS-270,LIMS-A101-WO-BPO8-8-2-LIMS,Physical Testing,100,BPO8-8-2,WO-BPO8-8-2-LIMS,Passed,F-1-S4,S4
LIMS-271,LIMS-A102-WO-BPO8-8-3-LIMS,Environmental Monitoring,98,BPO8-8-3,WO-BPO8-8-3-LIMS,Passed,F-1-S4,S4
LIMS-272,LIMS-A103-WO-BPO8-8-3-LIMS,Stability Testing,91,BPO8-8-3,WO-BPO8-8-3-LIMS,Passed,F-1-S4,S4
LIMS-273,LIMS-A101-WO-BPO8-8-3-LIMS,Physical Testing,91,BPO8-8-3,WO-BPO8-8-3-LIMS,Passed,F-1-S4,S4
LIMS-274,LIMS-A99-WO-BPO8-8-4-LIMS,Microbiological Testing,100,BPO8-8-4,WO-BPO8-8-4-LIMS,Passed,F-1-S4,S4
LIMS-275,LIMS-A100-WO-BPO8-8-4-LIMS,Chemical Analysis,96,BPO8-8-4,WO-BPO8-8-4-LIMS,Passed,F-1-S4,S4
LIMS-276,LIMS-A102-WO-BPO8-8-4-LIMS,Environmental Monitoring,91,BPO8-8-4,WO-BPO8-8-4-LIMS,Passed,F-1-S4,S4
LIMS-277,LIMS-A103-WO-BPO8-8-5-LIMS,Stability Testing,98,BPO8-8-5,WO-BPO8-8-5-LIMS,Passed,F-1-S4,S4
LIMS-278,LIMS-A102-WO-BPO8-8-5-LIMS,Environmental Monitoring,99,BPO8-8-5,WO-BPO8-8-5-LIMS,Passed,F-1-S4,S4
LIMS-279,LIMS-A99-WO-BPO8-8-5-LIMS,Microbiological Testing,100,BPO8-8-5,WO-BPO8-8-5-LIMS,Passed,F-1-S4,S4
LIMS-280,LIMS-A99-WO-BPO8-8-6-LIMS,Microbiological Testing,94,BPO8-8-6,WO-BPO8-8-6-LIMS,Passed,F-1-S4,S4
LIMS-281,LIMS-A103-WO-BPO8-8-6-LIMS,Stability Testing,95,BPO8-8-6,WO-BPO8-8-6-LIMS,Passed,F-1-S4,S4
LIMS-282,LIMS-A100-WO-BPO8-8-6-LIMS,Chemical Analysis,99,BPO8-8-6,WO-BPO8-8-6-LIMS,Passed,F-1-S4,S4
LIMS-283,LIMS-A103-WO-BPO8-8-7-LIMS,Stability Testing,94,BPO8-8-7,WO-BPO8-8-7-LIMS,Passed,F-1-S4,S4
LIMS-284,LIMS-A102-WO-BPO8-8-7-LIMS,Environmental Monitoring,84,BPO8-8-7,WO-BPO8-8-7-LIMS,InProgress,F-1-S4,S4
LIMS-285,LIMS-A99-WO-BPO8-8-7-LIMS,Microbiological Testing,93,BPO8-8-7,WO-BPO8-8-7-LIMS,Passed,F-1-S4,S4
LIMS-286,LIMS-A100-WO-BPO8-8-8-LIMS,Chemical Analysis,98,BPO8-8-8,WO-BPO8-8-8-LIMS,Passed,F-1-S4,S4
LIMS-287,LIMS-A101-WO-BPO8-8-8-LIMS,Physical Testing,94,BPO8-8-8,WO-BPO8-8-8-LIMS,Passed,F-1-S4,S4
LIMS-288,LIMS-A102-WO-BPO8-8-8-LIMS,Environmental Monitoring,95,BPO8-8-8,WO-BPO8-8-8-LIMS,Passed,F-1-S4,S4
LIMS-289,LIMS-A123-WO-BPO9-9-1-LIMS,Physical Testing,96,BPO9-9-1,WO-BPO9-9-1-LIMS,Passed,F-1-S5,S5
LIMS-290,LIMS-A125-WO-BPO9-9-1-LIMS,Stability Testing,97,BPO9-9-1,WO-BPO9-9-1-LIMS,Passed,F-1-S5,S5
LIMS-291,LIMS-A124-WO-BPO9-9-1-LIMS,Environmental Monitoring,99,BPO9-9-1,WO-BPO9-9-1-LIMS,Passed,F-1-S5,S5
LIMS-292,LIMS-A121-WO-BPO9-9-2-LIMS,Microbiological Testing,91,BPO9-9-2,WO-BPO9-9-2-LIMS,Passed,F-1-S5,S5
LIMS-293,LIMS-A123-WO-BPO9-9-2-LIMS,Physical Testing,93,BPO9-9-2,WO-BPO9-9-2-LIMS,Passed,F-1-S5,S5
LIMS-294,LIMS-A125-WO-BPO9-9-2-LIMS,Stability Testing,81,BPO9-9-2,WO-BPO9-9-2-LIMS,InProgress,F-1-S5,S5
LIMS-295,LIMS-A123-WO-BPO9-9-3-LIMS,Physical Testing,98,BPO9-9-3,WO-BPO9-9-3-LIMS,Passed,F-1-S5,S5
LIMS-296,LIMS-A124-WO-BPO9-9-3-LIMS,Environmental Monitoring,93,BPO9-9-3,WO-BPO9-9-3-LIMS,Passed,F-1-S5,S5
LIMS-297,LIMS-A121-WO-BPO9-9-3-LIMS,Microbiological Testing,86,BPO9-9-3,WO-BPO9-9-3-LIMS,InProgress,F-1-S5,S5
LIMS-298,LIMS-A125-WO-BPO9-9-4-LIMS,Stability Testing,96,BPO9-9-4,WO-BPO9-9-4-LIMS,Passed,F-1-S5,S5
LIMS-299,LIMS-A124-WO-BPO9-9-4-LIMS,Environmental Monitoring,99,BPO9-9-4,WO-BPO9-9-4-LIMS,Passed,F-1-S5,S5
LIMS-300,LIMS-A121-WO-BPO9-9-4-LIMS,Microbiological Testing,92,BPO9-9-4,WO-BPO9-9-4-LIMS,Passed,F-1-S5,S5
LIMS-301,LIMS-A124-WO-BPO9-9-5-LIMS,Environmental Monitoring,100,BPO9-9-5,WO-BPO9-9-5-LIMS,Passed,F-1-S5,S5
LIMS-302,LIMS-A123-WO-BPO9-9-5-LIMS,Physical Testing,91,BPO9-9-5,WO-BPO9-9-5-LIMS,Passed,F-1-S5,S5
LIMS-303,LIMS-A125-WO-BPO9-9-5-LIMS,Stability Testing,98,BPO9-9-5,WO-BPO9-9-5-LIMS,Passed,F-1-S5,S5
LIMS-304,LIMS-A122-WO-BPO9-9-6-LIMS,Chemical Analysis,99,BPO9-9-6,WO-BPO9-9-6-LIMS,Passed,F-1-S5,S5
LIMS-305,LIMS-A121-WO-BPO9-9-6-LIMS,Microbiological Testing,92,BPO9-9-6,WO-BPO9-9-6-LIMS,Passed,F-1-S5,S5
LIMS-306,LIMS-A125-WO-BPO9-9-6-LIMS,Stability Testing,94,BPO9-9-6,WO-BPO9-9-6-LIMS,Passed,F-1-S5,S5
LIMS-307,LIMS-A125-WO-BPO9-9-7-LIMS,Stability Testing,68,BPO9-9-7,WO-BPO9-9-7-LIMS,Failed,F-1-S5,S5
LIMS-308,LIMS-A123-WO-BPO9-9-7-LIMS,Physical Testing,96,BPO9-9-7,WO-BPO9-9-7-LIMS,Passed,F-1-S5,S5
LIMS-309,LIMS-A124-WO-BPO9-9-7-LIMS,Environmental Monitoring,92,BPO9-9-7,WO-BPO9-9-7-LIMS,Passed,F-1-S5,S5
LIMS-310,LIMS-A121-WO-BPO9-9-8-LIMS,Microbiological Testing,98,BPO9-9-8,WO-BPO9-9-8-LIMS,Passed,F-1-S5,S5
LIMS-311,LIMS-A124-WO-BPO9-9-8-LIMS,Environmental Monitoring,97,BPO9-9-8,WO-BPO9-9-8-LIMS,Passed,F-1-S5,S5
LIMS-312,LIMS-A122-WO-BPO9-9-8-LIMS,Chemical Analysis,93,BPO9-9-8,WO-BPO9-9-8-LIMS,Passed,F-1-S5,S5
LIMS-313,LIMS-A123-WO-BPO9-9-9-LIMS,Physical Testing,92,BPO9-9-9,WO-BPO9-9-9-LIMS,Passed,F-1-S5,S5
LIMS-314,LIMS-A122-WO-BPO9-9-9-LIMS,Chemical Analysis,99,BPO9-9-9,WO-BPO9-9-9-LIMS,Passed,F-1-S5,S5
LIMS-315,LIMS-A125-WO-BPO9-9-9-LIMS,Stability Testing,96,BPO9-9-9,WO-BPO9-9-9-LIMS,Passed,F-1-S5,S5
LIMS-316,LIMS-A122-WO-BPO9-9-10-LIMS,Chemical Analysis,100,BPO9-9-10,WO-BPO9-9-10-LIMS,Passed,F-1-S5,S5
LIMS-317,LIMS-A121-WO-BPO9-9-10-LIMS,Microbiological Testing,99,BPO9-9-10,WO-BPO9-9-10-LIMS,Passed,F-1-S5,S5
LIMS-318,LIMS-A124-WO-BPO9-9-10-LIMS,Environmental Monitoring,84,BPO9-9-10,WO-BPO9-9-10-LIMS,InProgress,F-1-S5,S5
LIMS-319,LIMS-A122-WO-BPO9-9-11-LIMS,Chemical Analysis,92,BPO9-9-11,WO-BPO9-9-11-LIMS,Passed,F-1-S5,S5
LIMS-320,LIMS-A125-WO-BPO9-9-11-LIMS,Stability Testing,96,BPO9-9-11,WO-BPO9-9-11-LIMS,Passed,F-1-S5,S5
LIMS-321,LIMS-A121-WO-BPO9-9-11-LIMS,Microbiological Testing,98,BPO9-9-11,WO-BPO9-9-11-LIMS,Passed,F-1-S5,S5
LIMS-322,LIMS-A121-WO-BPO9-9-12-LIMS,Microbiological Testing,92,BPO9-9-12,WO-BPO9-9-12-LIMS,Passed,F-1-S5,S5
LIMS-323,LIMS-A122-WO-BPO9-9-12-LIMS,Chemical Analysis,96,BPO9-9-12,WO-BPO9-9-12-LIMS,Passed,F-1-S5,S5
LIMS-324,LIMS-A123-WO-BPO9-9-12-LIMS,Physical Testing,91,BPO9-9-12,WO-BPO9-9-12-LIMS,Passed,F-1-S5,S5
LIMS-325,LIMS-A123-WO-BPO9-9-13-LIMS,Physical Testing,97,BPO9-9-13,WO-BPO9-9-13-LIMS,Passed,F-1-S5,S5
LIMS-326,LIMS-A121-WO-BPO9-9-13-LIMS,Microbiological Testing,96,BPO9-9-13,WO-BPO9-9-13-LIMS,Passed,F-1-S5,S5
LIMS-327,LIMS-A124-WO-BPO9-9-13-LIMS,Environmental Monitoring,93,BPO9-9-13,WO-BPO9-9-13-LIMS,Passed,F-1-S5,S5
LIMS-328,LIMS-A121-WO-BPO9-9-14-LIMS,Microbiological Testing,96,BPO9-9-14,WO-BPO9-9-14-LIMS,Passed,F-1-S5,S5
LIMS-329,LIMS-A125-WO-BPO9-9-14-LIMS,Stability Testing,96,BPO9-9-14,WO-BPO9-9-14-LIMS,Passed,F-1-S5,S5
LIMS-330,LIMS-A123-WO-BPO9-9-14-LIMS,Physical Testing,96,BPO9-9-14,WO-BPO9-9-14-LIMS,Passed,F-1-S5,S5
LIMS-331,LIMS-A121-WO-BPO9-9-15-LIMS,Microbiological Testing,97,BPO9-9-15,WO-BPO9-9-15-LIMS,Passed,F-1-S5,S5
LIMS-332,LIMS-A124-WO-BPO9-9-15-LIMS,Environmental Monitoring,100,BPO9-9-15,WO-BPO9-9-15-LIMS,Passed,F-1-S5,S5
LIMS-333,LIMS-A125-WO-BPO9-9-15-LIMS,Stability Testing,94,BPO9-9-15,WO-BPO9-9-15-LIMS,Passed,F-1-S5,S5
LIMS-334,LIMS-A124-WO-BPO9-9-16-LIMS,Environmental Monitoring,70,BPO9-9-16,WO-BPO9-9-16-LIMS,Failed,F-1-S5,S5
LIMS-335,LIMS-A125-WO-BPO9-9-16-LIMS,Stability Testing,91,BPO9-9-16,WO-BPO9-9-16-LIMS,Passed,F-1-S5,S5
LIMS-336,LIMS-A122-WO-BPO9-9-16-LIMS,Chemical Analysis,89,BPO9-9-16,WO-BPO9-9-16-LIMS,InProgress,F-1-S5,S5
LIMS-337,LIMS-A123-WO-BPO9-9-17-LIMS,Physical Testing,97,BPO9-9-17,WO-BPO9-9-17-LIMS,Passed,F-1-S5,S5
LIMS-338,LIMS-A121-WO-BPO9-9-17-LIMS,Microbiological Testing,96,BPO9-9-17,WO-BPO9-9-17-LIMS,Passed,F-1-S5,S5
LIMS-339,LIMS-A125-WO-BPO9-9-17-LIMS,Stability Testing,86,BPO9-9-17,WO-BPO9-9-17-LIMS,InProgress,F-1-S5,S5
LIMS-340,LIMS-A122-WO-BPO9-9-18-LIMS,Chemical Analysis,92,BPO9-9-18,WO-BPO9-9-18-LIMS,Passed,F-1-S5,S5
LIMS-341,LIMS-A125-WO-BPO9-9-18-LIMS,Stability Testing,94,BPO9-9-18,WO-BPO9-9-18-LIMS,Passed,F-1-S5,S5
LIMS-342,LIMS-A124-WO-BPO9-9-18-LIMS,Environmental Monitoring,100,BPO9-9-18,WO-BPO9-9-18-LIMS,Passed,F-1-S5,S5
LIMS-343,LIMS-A121-WO-BPO9-9-19-LIMS,Microbiological Testing,100,BPO9-9-19,WO-BPO9-9-19-LIMS,Passed,F-1-S5,S5
LIMS-344,LIMS-A125-WO-BPO9-9-19-LIMS,Stability Testing,98,BPO9-9-19,WO-BPO9-9-19-LIMS,Passed,F-1-S5,S5
LIMS-345,LIMS-A122-WO-BPO9-9-19-LIMS,Chemical Analysis,94,BPO9-9-19,WO-BPO9-9-19-LIMS,Passed,F-1-S5,S5
LIMS-346,LIMS-A125-WO-BPO9-9-20-LIMS,Stability Testing,96,BPO9-9-20,WO-BPO9-9-20-LIMS,Passed,F-1-S5,S5
LIMS-347,LIMS-A124-WO-BPO9-9-20-LIMS,Environmental Monitoring,99,BPO9-9-20,WO-BPO9-9-20-LIMS,Passed,F-1-S5,S5
LIMS-348,LIMS-A121-WO-BPO9-9-20-LIMS,Microbiological Testing,94,BPO9-9-20,WO-BPO9-9-20-LIMS,Passed,F-1-S5,S5
LIMS-349,LIMS-A122-WO-BPO10-10-1-LIMS,Chemical Analysis,98,BPO10-10-1,WO-BPO10-10-1-LIMS,Passed,F-1-S5,S5
LIMS-350,LIMS-A125-WO-BPO10-10-1-LIMS,Stability Testing,93,BPO10-10-1,WO-BPO10-10-1-LIMS,Passed,F-1-S5,S5
LIMS-351,LIMS-A124-WO-BPO10-10-1-LIMS,Environmental Monitoring,91,BPO10-10-1,WO-BPO10-10-1-LIMS,Passed,F-1-S5,S5
LIMS-352,LIMS-A123-WO-BPO10-10-2-LIMS,Physical Testing,100,BPO10-10-2,WO-BPO10-10-2-LIMS,Passed,F-1-S5,S5
LIMS-353,LIMS-A124-WO-BPO10-10-2-LIMS,Environmental Monitoring,91,BPO10-10-2,WO-BPO10-10-2-LIMS,Passed,F-1-S5,S5
LIMS-354,LIMS-A125-WO-BPO10-10-2-LIMS,Stability Testing,62,BPO10-10-2,WO-BPO10-10-2-LIMS,Failed,F-1-S5,S5
LIMS-355,LIMS-A122-WO-BPO10-10-3-LIMS,Chemical Analysis,99,BPO10-10-3,WO-BPO10-10-3-LIMS,Passed,F-1-S5,S5
LIMS-356,LIMS-A123-WO-BPO10-10-3-LIMS,Physical Testing,87,BPO10-10-3,WO-BPO10-10-3-LIMS,InProgress,F-1-S5,S5
LIMS-357,LIMS-A125-WO-BPO10-10-3-LIMS,Stability Testing,91,BPO10-10-3,WO-BPO10-10-3-LIMS,Passed,F-1-S5,S5
LIMS-358,LIMS-A121-WO-BPO10-10-4-LIMS,Microbiological Testing,92,BPO10-10-4,WO-BPO10-10-4-LIMS,Passed,F-1-S5,S5
LIMS-359,LIMS-A125-WO-BPO10-10-4-LIMS,Stability Testing,75,BPO10-10-4,WO-BPO10-10-4-LIMS,Failed,F-1-S5,S5
LIMS-360,LIMS-A122-WO-BPO10-10-4-LIMS,Chemical Analysis,92,BPO10-10-4,WO-BPO10-10-4-LIMS,Passed,F-1-S5,S5
LIMS-361,LIMS-A125-WO-BPO10-10-5-LIMS,Stability Testing,92,BPO10-10-5,WO-BPO10-10-5-LIMS,Passed,F-1-S5,S5
LIMS-362,LIMS-A124-WO-BPO10-10-5-LIMS,Environmental Monitoring,91,BPO10-10-5,WO-BPO10-10-5-LIMS,Passed,F-1-S5,S5
LIMS-363,LIMS-A122-WO-BPO10-10-5-LIMS,Chemical Analysis,94,BPO10-10-5,WO-BPO10-10-5-LIMS,Passed,F-1-S5,S5
LIMS-364,LIMS-A122-WO-BPO10-10-6-LIMS,Chemical Analysis,93,BPO10-10-6,WO-BPO10-10-6-LIMS,Passed,F-1-S5,S5
LIMS-365,LIMS-A123-WO-BPO10-10-6-LIMS,Physical Testing,92,BPO10-10-6,WO-BPO10-10-6-LIMS,Passed,F-1-S5,S5
LIMS-366,LIMS-A121-WO-BPO10-10-6-LIMS,Microbiological Testing,91,BPO10-10-6,WO-BPO10-10-6-LIMS,Passed,F-1-S5,S5
LIMS-367,LIMS-A125-WO-BPO10-10-7-LIMS,Stability Testing,91,BPO10-10-7,WO-BPO10-10-7-LIMS,Passed,F-1-S5,S5
LIMS-368,LIMS-A124-WO-BPO10-10-7-LIMS,Environmental Monitoring,100,BPO10-10-7,WO-BPO10-10-7-LIMS,Passed,F-1-S5,S5
LIMS-369,LIMS-A123-WO-BPO10-10-7-LIMS,Physical Testing,96,BPO10-10-7,WO-BPO10-10-7-LIMS,Passed,F-1-S5,S5
LIMS-370,LIMS-A123-WO-BPO10-10-8-LIMS,Physical Testing,94,BPO10-10-8,WO-BPO10-10-8-LIMS,Passed,F-1-S5,S5
LIMS-371,LIMS-A124-WO-BPO10-10-8-LIMS,Environmental Monitoring,91,BPO10-10-8,WO-BPO10-10-8-LIMS,Passed,F-1-S5,S5
LIMS-372,LIMS-A121-WO-BPO10-10-8-LIMS,Microbiological Testing,85,BPO10-10-8,WO-BPO10-10-8-LIMS,InProgress,F-1-S5,S5
LIMS-373,LIMS-A122-WO-BPO10-10-9-LIMS,Chemical Analysis,94,BPO10-10-9,WO-BPO10-10-9-LIMS,Passed,F-1-S5,S5
LIMS-374,LIMS-A121-WO-BPO10-10-9-LIMS,Microbiological Testing,92,BPO10-10-9,WO-BPO10-10-9-LIMS,Passed,F-1-S5,S5
LIMS-375,LIMS-A125-WO-BPO10-10-9-LIMS,Stability Testing,96,BPO10-10-9,WO-BPO10-10-9-LIMS,Passed,F-1-S5,S5
LIMS-376,LIMS-A121-WO-BPO10-10-10-LIMS,Microbiological Testing,93,BPO10-10-10,WO-BPO10-10-10-LIMS,Passed,F-1-S5,S5
LIMS-377,LIMS-A123-WO-BPO10-10-10-LIMS,Physical Testing,98,BPO10-10-10,WO-BPO10-10-10-LIMS,Passed,F-1-S5,S5
LIMS-378,LIMS-A122-WO-BPO10-10-10-LIMS,Chemical Analysis,100,BPO10-10-10,WO-BPO10-10-10-LIMS,Passed,F-1-S5,S5
LIMS-379,LIMS-A124-WO-BPO10-10-11-LIMS,Environmental Monitoring,98,BPO10-10-11,WO-BPO10-10-11-LIMS,Passed,F-1-S5,S5
LIMS-380,LIMS-A125-WO-BPO10-10-11-LIMS,Stability Testing,98,BPO10-10-11,WO-BPO10-10-11-LIMS,Passed,F-1-S5,S5
LIMS-381,LIMS-A122-WO-BPO10-10-11-LIMS,Chemical Analysis,98,BPO10-10-11,WO-BPO10-10-11-LIMS,Passed,F-1-S5,S5
LIMS-382,LIMS-A121-WO-BPO10-10-12-LIMS,Microbiological Testing,96,BPO10-10-12,WO-BPO10-10-12-LIMS,Passed,F-1-S5,S5
LIMS-383,LIMS-A122-WO-BPO10-10-12-LIMS,Chemical Analysis,92,BPO10-10-12,WO-BPO10-10-12-LIMS,Passed,F-1-S5,S5
LIMS-384,LIMS-A123-WO-BPO10-10-12-LIMS,Physical Testing,96,BPO10-10-12,WO-BPO10-10-12-LIMS,Passed,F-1-S5,S5
LIMS-385,LIMS-A122-WO-BPO10-10-13-LIMS,Chemical Analysis,96,BPO10-10-13,WO-BPO10-10-13-LIMS,Passed,F-1-S5,S5
LIMS-386,LIMS-A121-WO-BPO10-10-13-LIMS,Microbiological Testing,98,BPO10-10-13,WO-BPO10-10-13-LIMS,Passed,F-1-S5,S5
LIMS-387,LIMS-A123-WO-BPO10-10-13-LIMS,Physical Testing,97,BPO10-10-13,WO-BPO10-10-13-LIMS,Passed,F-1-S5,S5
LIMS-388,LIMS-A122-WO-BPO10-10-14-LIMS,Chemical Analysis,92,BPO10-10-14,WO-BPO10-10-14-LIMS,Passed,F-1-S5,S5
LIMS-389,LIMS-A123-WO-BPO10-10-14-LIMS,Physical Testing,84,BPO10-10-14,WO-BPO10-10-14-LIMS,InProgress,F-1-S5,S5
LIMS-390,LIMS-A124-WO-BPO10-10-14-LIMS,Environmental Monitoring,95,BPO10-10-14,WO-BPO10-10-14-LIMS,Passed,F-1-S5,S5
LIMS-391,LIMS-A22-WO-BPO11-11-1-LIMS,Chemical Analysis,94,BPO11-11-1,WO-BPO11-11-1-LIMS,Passed,F-1-S1,S1
LIMS-392,LIMS-A21-WO-BPO11-11-1-LIMS,Microbiological Testing,100,BPO11-11-1,WO-BPO11-11-1-LIMS,Passed,F-1-S1,S1
LIMS-393,LIMS-A23-WO-BPO11-11-1-LIMS,Physical Testing,93,BPO11-11-1,WO-BPO11-11-1-LIMS,Passed,F-1-S1,S1
LIMS-394,LIMS-A21-WO-BPO11-11-2-LIMS,Microbiological Testing,98,BPO11-11-2,WO-BPO11-11-2-LIMS,Passed,F-1-S1,S1
LIMS-395,LIMS-A25-WO-BPO11-11-2-LIMS,Stability Testing,99,BPO11-11-2,WO-BPO11-11-2-LIMS,Passed,F-1-S1,S1
LIMS-396,LIMS-A22-WO-BPO11-11-2-LIMS,Chemical Analysis,95,BPO11-11-2,WO-BPO11-11-2-LIMS,Passed,F-1-S1,S1
LIMS-397,LIMS-A25-WO-BPO11-11-3-LIMS,Stability Testing,63,BPO11-11-3,WO-BPO11-11-3-LIMS,Failed,F-1-S1,S1
LIMS-398,LIMS-A22-WO-BPO11-11-3-LIMS,Chemical Analysis,98,BPO11-11-3,WO-BPO11-11-3-LIMS,Passed,F-1-S1,S1
LIMS-399,LIMS-A23-WO-BPO11-11-3-LIMS,Physical Testing,96,BPO11-11-3,WO-BPO11-11-3-LIMS,Passed,F-1-S1,S1
LIMS-400,LIMS-A23-WO-BPO11-11-4-LIMS,Physical Testing,95,BPO11-11-4,WO-BPO11-11-4-LIMS,Passed,F-1-S1,S1
LIMS-401,LIMS-A22-WO-BPO11-11-4-LIMS,Chemical Analysis,96,BPO11-11-4,WO-BPO11-11-4-LIMS,Passed,F-1-S1,S1
LIMS-402,LIMS-A21-WO-BPO11-11-4-LIMS,Microbiological Testing,94,BPO11-11-4,WO-BPO11-11-4-LIMS,Passed,F-1-S1,S1
LIMS-403,LIMS-A25-WO-BPO11-11-5-LIMS,Stability Testing,98,BPO11-11-5,WO-BPO11-11-5-LIMS,Passed,F-1-S1,S1
LIMS-404,LIMS-A22-WO-BPO11-11-5-LIMS,Chemical Analysis,100,BPO11-11-5,WO-BPO11-11-5-LIMS,Passed,F-1-S1,S1
LIMS-405,LIMS-A24-WO-BPO11-11-5-LIMS,Environmental Monitoring,97,BPO11-11-5,WO-BPO11-11-5-LIMS,Passed,F-1-S1,S1
LIMS-406,LIMS-A23-WO-BPO11-11-6-LIMS,Physical Testing,93,BPO11-11-6,WO-BPO11-11-6-LIMS,Passed,F-1-S1,S1
LIMS-407,LIMS-A21-WO-BPO11-11-6-LIMS,Microbiological Testing,70,BPO11-11-6,WO-BPO11-11-6-LIMS,Failed,F-1-S1,S1
LIMS-408,LIMS-A25-WO-BPO11-11-6-LIMS,Stability Testing,64,BPO11-11-6,WO-BPO11-11-6-LIMS,Failed,F-1-S1,S1
LIMS-409,LIMS-A23-WO-BPO11-11-7-LIMS,Physical Testing,93,BPO11-11-7,WO-BPO11-11-7-LIMS,Passed,F-1-S1,S1
LIMS-410,LIMS-A25-WO-BPO11-11-7-LIMS,Stability Testing,97,BPO11-11-7,WO-BPO11-11-7-LIMS,Passed,F-1-S1,S1
LIMS-411,LIMS-A21-WO-BPO11-11-7-LIMS,Microbiological Testing,97,BPO11-11-7,WO-BPO11-11-7-LIMS,Passed,F-1-S1,S1
LIMS-412,LIMS-A21-WO-BPO11-11-8-LIMS,Microbiological Testing,97,BPO11-11-8,WO-BPO11-11-8-LIMS,Passed,F-1-S1,S1
LIMS-413,LIMS-A23-WO-BPO11-11-8-LIMS,Physical Testing,99,BPO11-11-8,WO-BPO11-11-8-LIMS,Passed,F-1-S1,S1
LIMS-414,LIMS-A24-WO-BPO11-11-8-LIMS,Environmental Monitoring,99,BPO11-11-8,WO-BPO11-11-8-LIMS,Passed,F-1-S1,S1
LIMS-415,LIMS-A21-WO-BPO11-11-9-LIMS,Microbiological Testing,97,BPO11-11-9,WO-BPO11-11-9-LIMS,Passed,F-1-S1,S1
LIMS-416,LIMS-A23-WO-BPO11-11-9-LIMS,Physical Testing,99,BPO11-11-9,WO-BPO11-11-9-LIMS,Passed,F-1-S1,S1
LIMS-417,LIMS-A25-WO-BPO11-11-9-LIMS,Stability Testing,100,BPO11-11-9,WO-BPO11-11-9-LIMS,Passed,F-1-S1,S1
LIMS-418,LIMS-A25-WO-BPO11-11-10-LIMS,Stability Testing,92,BPO11-11-10,WO-BPO11-11-10-LIMS,Passed,F-1-S1,S1
LIMS-419,LIMS-A23-WO-BPO11-11-10-LIMS,Physical Testing,98,BPO11-11-10,WO-BPO11-11-10-LIMS,Passed,F-1-S1,S1
LIMS-420,LIMS-A21-WO-BPO11-11-10-LIMS,Microbiological Testing,89,BPO11-11-10,WO-BPO11-11-10-LIMS,InProgress,F-1-S1,S1
LIMS-421,LIMS-A24-WO-BPO11-11-11-LIMS,Environmental Monitoring,94,BPO11-11-11,WO-BPO11-11-11-LIMS,Passed,F-1-S1,S1
LIMS-422,LIMS-A25-WO-BPO11-11-11-LIMS,Stability Testing,97,BPO11-11-11,WO-BPO11-11-11-LIMS,Passed,F-1-S1,S1
LIMS-423,LIMS-A23-WO-BPO11-11-11-LIMS,Physical Testing,96,BPO11-11-11,WO-BPO11-11-11-LIMS,Passed,F-1-S1,S1
LIMS-424,LIMS-A22-WO-BPO11-11-12-LIMS,Chemical Analysis,91,BPO11-11-12,WO-BPO11-11-12-LIMS,Passed,F-1-S1,S1
LIMS-425,LIMS-A24-WO-BPO11-11-12-LIMS,Environmental Monitoring,71,BPO11-11-12,WO-BPO11-11-12-LIMS,Failed,F-1-S1,S1
LIMS-426,LIMS-A23-WO-BPO11-11-12-LIMS,Physical Testing,91,BPO11-11-12,WO-BPO11-11-12-LIMS,Passed,F-1-S1,S1
LIMS-427,LIMS-A24-WO-BPO11-11-13-LIMS,Environmental Monitoring,99,BPO11-11-13,WO-BPO11-11-13-LIMS,Passed,F-1-S1,S1
LIMS-428,LIMS-A25-WO-BPO11-11-13-LIMS,Stability Testing,93,BPO11-11-13,WO-BPO11-11-13-LIMS,Passed,F-1-S1,S1
LIMS-429,LIMS-A23-WO-BPO11-11-13-LIMS,Physical Testing,96,BPO11-11-13,WO-BPO11-11-13-LIMS,Passed,F-1-S1,S1
LIMS-430,LIMS-A24-WO-BPO11-11-14-LIMS,Environmental Monitoring,96,BPO11-11-14,WO-BPO11-11-14-LIMS,Passed,F-1-S1,S1
LIMS-431,LIMS-A22-WO-BPO11-11-14-LIMS,Chemical Analysis,97,BPO11-11-14,WO-BPO11-11-14-LIMS,Passed,F-1-S1,S1
LIMS-432,LIMS-A25-WO-BPO11-11-14-LIMS,Stability Testing,81,BPO11-11-14,WO-BPO11-11-14-LIMS,InProgress,F-1-S1,S1
LIMS-433,LIMS-A21-WO-BPO11-11-15-LIMS,Microbiological Testing,94,BPO11-11-15,WO-BPO11-11-15-LIMS,Passed,F-1-S1,S1
LIMS-434,LIMS-A23-WO-BPO11-11-15-LIMS,Physical Testing,93,BPO11-11-15,WO-BPO11-11-15-LIMS,Passed,F-1-S1,S1
LIMS-435,LIMS-A24-WO-BPO11-11-15-LIMS,Environmental Monitoring,95,BPO11-11-15,WO-BPO11-11-15-LIMS,Passed,F-1-S1,S1
LIMS-436,LIMS-A25-WO-BPO11-11-16-LIMS,Stability Testing,95,BPO11-11-16,WO-BPO11-11-16-LIMS,Passed,F-1-S1,S1
LIMS-437,LIMS-A23-WO-BPO11-11-16-LIMS,Physical Testing,100,BPO11-11-16,WO-BPO11-11-16-LIMS,Passed,F-1-S1,S1
LIMS-438,LIMS-A22-WO-BPO11-11-16-LIMS,Chemical Analysis,97,BPO11-11-16,WO-BPO11-11-16-LIMS,Passed,F-1-S1,S1
LIMS-439,LIMS-A22-WO-BPO11-11-17-LIMS,Chemical Analysis,94,BPO11-11-17,WO-BPO11-11-17-LIMS,Passed,F-1-S1,S1
LIMS-440,LIMS-A23-WO-BPO11-11-17-LIMS,Physical Testing,82,BPO11-11-17,WO-BPO11-11-17-LIMS,InProgress,F-1-S1,S1
LIMS-441,LIMS-A21-WO-BPO11-11-17-LIMS,Microbiological Testing,91,BPO11-11-17,WO-BPO11-11-17-LIMS,Passed,F-1-S1,S1
LIMS-442,LIMS-A22-WO-BPO11-11-18-LIMS,Chemical Analysis,93,BPO11-11-18,WO-BPO11-11-18-LIMS,Passed,F-1-S1,S1
LIMS-443,LIMS-A21-WO-BPO11-11-18-LIMS,Microbiological Testing,94,BPO11-11-18,WO-BPO11-11-18-LIMS,Passed,F-1-S1,S1
LIMS-444,LIMS-A24-WO-BPO11-11-18-LIMS,Environmental Monitoring,95,BPO11-11-18,WO-BPO11-11-18-LIMS,Passed,F-1-S1,S1
LIMS-445,LIMS-A25-WO-BPO11-11-19-LIMS,Stability Testing,91,BPO11-11-19,WO-BPO11-11-19-LIMS,Passed,F-1-S1,S1
LIMS-446,LIMS-A21-WO-BPO11-11-19-LIMS,Microbiological Testing,95,BPO11-11-19,WO-BPO11-11-19-LIMS,Passed,F-1-S1,S1
LIMS-447,LIMS-A23-WO-BPO11-11-19-LIMS,Physical Testing,93,BPO11-11-19,WO-BPO11-11-19-LIMS,Passed,F-1-S1,S1
LIMS-448,LIMS-A23-WO-BPO11-11-20-LIMS,Physical Testing,95,BPO11-11-20,WO-BPO11-11-20-LIMS,Passed,F-1-S1,S1
LIMS-449,LIMS-A24-WO-BPO11-11-20-LIMS,Environmental Monitoring,91,BPO11-11-20,WO-BPO11-11-20-LIMS,Passed,F-1-S1,S1
LIMS-450,LIMS-A22-WO-BPO11-11-20-LIMS,Chemical Analysis,99,BPO11-11-20,WO-BPO11-11-20-LIMS,Passed,F-1-S1,S1
LIMS-451,LIMS-A124-WO-BPO12-12-1-LIMS,Environmental Monitoring,93,BPO12-12-1,WO-BPO12-12-1-LIMS,Passed,F-1-S5,S5
LIMS-452,LIMS-A125-WO-BPO12-12-1-LIMS,Stability Testing,96,BPO12-12-1,WO-BPO12-12-1-LIMS,Passed,F-1-S5,S5
LIMS-453,LIMS-A121-WO-BPO12-12-1-LIMS,Microbiological Testing,94,BPO12-12-1,WO-BPO12-12-1-LIMS,Passed,F-1-S5,S5
LIMS-454,LIMS-A121-WO-BPO12-12-2-LIMS,Microbiological Testing,98,BPO12-12-2,WO-BPO12-12-2-LIMS,Passed,F-1-S5,S5
LIMS-455,LIMS-A124-WO-BPO12-12-2-LIMS,Environmental Monitoring,97,BPO12-12-2,WO-BPO12-12-2-LIMS,Passed,F-1-S5,S5
LIMS-456,LIMS-A125-WO-BPO12-12-2-LIMS,Stability Testing,98,BPO12-12-2,WO-BPO12-12-2-LIMS,Passed,F-1-S5,S5
LIMS-457,LIMS-A123-WO-BPO12-12-3-LIMS,Physical Testing,91,BPO12-12-3,WO-BPO12-12-3-LIMS,Passed,F-1-S5,S5
LIMS-458,LIMS-A124-WO-BPO12-12-3-LIMS,Environmental Monitoring,92,BPO12-12-3,WO-BPO12-12-3-LIMS,Passed,F-1-S5,S5
LIMS-459,LIMS-A121-WO-BPO12-12-3-LIMS,Microbiological Testing,92,BPO12-12-3,WO-BPO12-12-3-LIMS,Passed,F-1-S5,S5
LIMS-460,LIMS-A125-WO-BPO12-12-4-LIMS,Stability Testing,97,BPO12-12-4,WO-BPO12-12-4-LIMS,Passed,F-1-S5,S5
LIMS-461,LIMS-A121-WO-BPO12-12-4-LIMS,Microbiological Testing,99,BPO12-12-4,WO-BPO12-12-4-LIMS,Passed,F-1-S5,S5
LIMS-462,LIMS-A123-WO-BPO12-12-4-LIMS,Physical Testing,100,BPO12-12-4,WO-BPO12-12-4-LIMS,Passed,F-1-S5,S5
LIMS-463,LIMS-A121-WO-BPO12-12-5-LIMS,Microbiological Testing,93,BPO12-12-5,WO-BPO12-12-5-LIMS,Passed,F-1-S5,S5
LIMS-464,LIMS-A123-WO-BPO12-12-5-LIMS,Physical Testing,99,BPO12-12-5,WO-BPO12-12-5-LIMS,Passed,F-1-S5,S5
LIMS-465,LIMS-A124-WO-BPO12-12-5-LIMS,Environmental Monitoring,95,BPO12-12-5,WO-BPO12-12-5-LIMS,Passed,F-1-S5,S5
LIMS-466,LIMS-A125-WO-BPO12-12-6-LIMS,Stability Testing,96,BPO12-12-6,WO-BPO12-12-6-LIMS,Passed,F-1-S5,S5
LIMS-467,LIMS-A121-WO-BPO12-12-6-LIMS,Microbiological Testing,93,BPO12-12-6,WO-BPO12-12-6-LIMS,Passed,F-1-S5,S5
LIMS-468,LIMS-A122-WO-BPO12-12-6-LIMS,Chemical Analysis,96,BPO12-12-6,WO-BPO12-12-6-LIMS,Passed,F-1-S5,S5
LIMS-469,LIMS-A122-WO-BPO12-12-7-LIMS,Chemical Analysis,81,BPO12-12-7,WO-BPO12-12-7-LIMS,InProgress,F-1-S5,S5
LIMS-470,LIMS-A121-WO-BPO12-12-7-LIMS,Microbiological Testing,98,BPO12-12-7,WO-BPO12-12-7-LIMS,Passed,F-1-S5,S5
LIMS-471,LIMS-A125-WO-BPO12-12-7-LIMS,Stability Testing,82,BPO12-12-7,WO-BPO12-12-7-LIMS,InProgress,F-1-S5,S5
LIMS-472,LIMS-A122-WO-BPO12-12-8-LIMS,Chemical Analysis,91,BPO12-12-8,WO-BPO12-12-8-LIMS,Passed,F-1-S5,S5
LIMS-473,LIMS-A123-WO-BPO12-12-8-LIMS,Physical Testing,97,BPO12-12-8,WO-BPO12-12-8-LIMS,Passed,F-1-S5,S5
LIMS-474,LIMS-A124-WO-BPO12-12-8-LIMS,Environmental Monitoring,97,BPO12-12-8,WO-BPO12-12-8-LIMS,Passed,F-1-S5,S5
LIMS-475,LIMS-A121-WO-BPO12-12-9-LIMS,Microbiological Testing,92,BPO12-12-9,WO-BPO12-12-9-LIMS,Passed,F-1-S5,S5
LIMS-476,LIMS-A122-WO-BPO12-12-9-LIMS,Chemical Analysis,92,BPO12-12-9,WO-BPO12-12-9-LIMS,Passed,F-1-S5,S5
LIMS-477,LIMS-A123-WO-BPO12-12-9-LIMS,Physical Testing,99,BPO12-12-9,WO-BPO12-12-9-LIMS,Passed,F-1-S5,S5
LIMS-478,LIMS-A122-WO-BPO12-12-10-LIMS,Chemical Analysis,100,BPO12-12-10,WO-BPO12-12-10-LIMS,Passed,F-1-S5,S5
LIMS-479,LIMS-A124-WO-BPO12-12-10-LIMS,Environmental Monitoring,97,BPO12-12-10,WO-BPO12-12-10-LIMS,Passed,F-1-S5,S5
LIMS-480,LIMS-A123-WO-BPO12-12-10-LIMS,Physical Testing,94,BPO12-12-10,WO-BPO12-12-10-LIMS,Passed,F-1-S5,S5
LIMS-481,LIMS-A121-WO-BPO12-12-11-LIMS,Microbiological Testing,87,BPO12-12-11,WO-BPO12-12-11-LIMS,InProgress,F-1-S5,S5
LIMS-482,LIMS-A123-WO-BPO12-12-11-LIMS,Physical Testing,91,BPO12-12-11,WO-BPO12-12-11-LIMS,Passed,F-1-S5,S5
LIMS-483,LIMS-A125-WO-BPO12-12-11-LIMS,Stability Testing,96,BPO12-12-11,WO-BPO12-12-11-LIMS,Passed,F-1-S5,S5
LIMS-484,LIMS-A125-WO-BPO12-12-12-LIMS,Stability Testing,93,BPO12-12-12,WO-BPO12-12-12-LIMS,Passed,F-1-S5,S5
LIMS-485,LIMS-A124-WO-BPO12-12-12-LIMS,Environmental Monitoring,93,BPO12-12-12,WO-BPO12-12-12-LIMS,Passed,F-1-S5,S5
LIMS-486,LIMS-A122-WO-BPO12-12-12-LIMS,Chemical Analysis,97,BPO12-12-12,WO-BPO12-12-12-LIMS,Passed,F-1-S5,S5
LIMS-487,LIMS-A125-WO-BPO12-12-13-LIMS,Stability Testing,93,BPO12-12-13,WO-BPO12-12-13-LIMS,Passed,F-1-S5,S5
LIMS-488,LIMS-A124-WO-BPO12-12-13-LIMS,Environmental Monitoring,95,BPO12-12-13,WO-BPO12-12-13-LIMS,Passed,F-1-S5,S5
LIMS-489,LIMS-A121-WO-BPO12-12-13-LIMS,Microbiological Testing,92,BPO12-12-13,WO-BPO12-12-13-LIMS,Passed,F-1-S5,S5
LIMS-490,LIMS-A121-WO-BPO12-12-14-LIMS,Microbiological Testing,85,BPO12-12-14,WO-BPO12-12-14-LIMS,InProgress,F-1-S5,S5
LIMS-491,LIMS-A125-WO-BPO12-12-14-LIMS,Stability Testing,93,BPO12-12-14,WO-BPO12-12-14-LIMS,Passed,F-1-S5,S5
LIMS-492,LIMS-A124-WO-BPO12-12-14-LIMS,Environmental Monitoring,74,BPO12-12-14,WO-BPO12-12-14-LIMS,Failed,F-1-S5,S5
LIMS-493,LIMS-A124-WO-BPO12-12-15-LIMS,Environmental Monitoring,81,BPO12-12-15,WO-BPO12-12-15-LIMS,InProgress,F-1-S5,S5
LIMS-494,LIMS-A122-WO-BPO12-12-15-LIMS,Chemical Analysis,99,BPO12-12-15,WO-BPO12-12-15-LIMS,Passed,F-1-S5,S5
LIMS-495,LIMS-A123-WO-BPO12-12-15-LIMS,Physical Testing,93,BPO12-12-15,WO-BPO12-12-15-LIMS,Passed,F-1-S5,S5
LIMS-496,LIMS-A122-WO-BPO12-12-16-LIMS,Chemical Analysis,100,BPO12-12-16,WO-BPO12-12-16-LIMS,Passed,F-1-S5,S5
LIMS-497,LIMS-A124-WO-BPO12-12-16-LIMS,Environmental Monitoring,94,BPO12-12-16,WO-BPO12-12-16-LIMS,Passed,F-1-S5,S5
LIMS-498,LIMS-A125-WO-BPO12-12-16-LIMS,Stability Testing,98,BPO12-12-16,WO-BPO12-12-16-LIMS,Passed,F-1-S5,S5
LIMS-499,LIMS-A102-WO-BPO13-13-1-LIMS,Environmental Monitoring,89,BPO13-13-1,WO-BPO13-13-1-LIMS,InProgress,F-1-S4,S4
LIMS-500,LIMS-A101-WO-BPO13-13-1-LIMS,Physical Testing,83,BPO13-13-1,WO-BPO13-13-1-LIMS,InProgress,F-1-S4,S4
LIMS-501,LIMS-A99-WO-BPO13-13-1-LIMS,Microbiological Testing,99,BPO13-13-1,WO-BPO13-13-1-LIMS,Passed,F-1-S4,S4
LIMS-502,LIMS-A101-WO-BPO13-13-2-LIMS,Physical Testing,72,BPO13-13-2,WO-BPO13-13-2-LIMS,Failed,F-1-S4,S4
LIMS-503,LIMS-A102-WO-BPO13-13-2-LIMS,Environmental Monitoring,91,BPO13-13-2,WO-BPO13-13-2-LIMS,Passed,F-1-S4,S4
LIMS-504,LIMS-A103-WO-BPO13-13-2-LIMS,Stability Testing,93,BPO13-13-2,WO-BPO13-13-2-LIMS,Passed,F-1-S4,S4
LIMS-505,LIMS-A101-WO-BPO13-13-3-LIMS,Physical Testing,97,BPO13-13-3,WO-BPO13-13-3-LIMS,Passed,F-1-S4,S4
LIMS-506,LIMS-A102-WO-BPO13-13-3-LIMS,Environmental Monitoring,91,BPO13-13-3,WO-BPO13-13-3-LIMS,Passed,F-1-S4,S4
LIMS-507,LIMS-A103-WO-BPO13-13-3-LIMS,Stability Testing,91,BPO13-13-3,WO-BPO13-13-3-LIMS,Passed,F-1-S4,S4
LIMS-508,LIMS-A103-WO-BPO13-13-4-LIMS,Stability Testing,91,BPO13-13-4,WO-BPO13-13-4-LIMS,Passed,F-1-S4,S4
LIMS-509,LIMS-A102-WO-BPO13-13-4-LIMS,Environmental Monitoring,94,BPO13-13-4,WO-BPO13-13-4-LIMS,Passed,F-1-S4,S4
LIMS-510,LIMS-A100-WO-BPO13-13-4-LIMS,Chemical Analysis,98,BPO13-13-4,WO-BPO13-13-4-LIMS,Passed,F-1-S4,S4
LIMS-511,LIMS-A103-WO-BPO13-13-5-LIMS,Stability Testing,78,BPO13-13-5,WO-BPO13-13-5-LIMS,Failed,F-1-S4,S4
LIMS-512,LIMS-A101-WO-BPO13-13-5-LIMS,Physical Testing,97,BPO13-13-5,WO-BPO13-13-5-LIMS,Passed,F-1-S4,S4
LIMS-513,LIMS-A100-WO-BPO13-13-5-LIMS,Chemical Analysis,94,BPO13-13-5,WO-BPO13-13-5-LIMS,Passed,F-1-S4,S4
LIMS-514,LIMS-A99-WO-BPO13-13-6-LIMS,Microbiological Testing,99,BPO13-13-6,WO-BPO13-13-6-LIMS,Passed,F-1-S4,S4
LIMS-515,LIMS-A101-WO-BPO13-13-6-LIMS,Physical Testing,99,BPO13-13-6,WO-BPO13-13-6-LIMS,Passed,F-1-S4,S4
LIMS-516,LIMS-A100-WO-BPO13-13-6-LIMS,Chemical Analysis,73,BPO13-13-6,WO-BPO13-13-6-LIMS,Failed,F-1-S4,S4
LIMS-517,LIMS-A102-WO-BPO13-13-7-LIMS,Environmental Monitoring,92,BPO13-13-7,WO-BPO13-13-7-LIMS,Passed,F-1-S4,S4
LIMS-518,LIMS-A99-WO-BPO13-13-7-LIMS,Microbiological Testing,93,BPO13-13-7,WO-BPO13-13-7-LIMS,Passed,F-1-S4,S4
LIMS-519,LIMS-A103-WO-BPO13-13-7-LIMS,Stability Testing,98,BPO13-13-7,WO-BPO13-13-7-LIMS,Passed,F-1-S4,S4
LIMS-520,LIMS-A102-WO-BPO13-13-8-LIMS,Environmental Monitoring,91,BPO13-13-8,WO-BPO13-13-8-LIMS,Passed,F-1-S4,S4
LIMS-521,LIMS-A101-WO-BPO13-13-8-LIMS,Physical Testing,98,BPO13-13-8,WO-BPO13-13-8-LIMS,Passed,F-1-S4,S4
LIMS-522,LIMS-A103-WO-BPO13-13-8-LIMS,Stability Testing,91,BPO13-13-8,WO-BPO13-13-8-LIMS,Passed,F-1-S4,S4
LIMS-523,LIMS-A99-WO-BPO13-13-9-LIMS,Microbiological Testing,98,BPO13-13-9,WO-BPO13-13-9-LIMS,Passed,F-1-S4,S4
LIMS-524,LIMS-A101-WO-BPO13-13-9-LIMS,Physical Testing,96,BPO13-13-9,WO-BPO13-13-9-LIMS,Passed,F-1-S4,S4
LIMS-525,LIMS-A100-WO-BPO13-13-9-LIMS,Chemical Analysis,94,BPO13-13-9,WO-BPO13-13-9-LIMS,Passed,F-1-S4,S4
LIMS-526,LIMS-A101-WO-BPO13-13-10-LIMS,Physical Testing,100,BPO13-13-10,WO-BPO13-13-10-LIMS,Passed,F-1-S4,S4
LIMS-527,LIMS-A100-WO-BPO13-13-10-LIMS,Chemical Analysis,99,BPO13-13-10,WO-BPO13-13-10-LIMS,Passed,F-1-S4,S4
LIMS-528,LIMS-A102-WO-BPO13-13-10-LIMS,Environmental Monitoring,83,BPO13-13-10,WO-BPO13-13-10-LIMS,InProgress,F-1-S4,S4
LIMS-529,LIMS-A102-WO-BPO13-13-11-LIMS,Environmental Monitoring,92,BPO13-13-11,WO-BPO13-13-11-LIMS,Passed,F-1-S4,S4
LIMS-530,LIMS-A103-WO-BPO13-13-11-LIMS,Stability Testing,85,BPO13-13-11,WO-BPO13-13-11-LIMS,InProgress,F-1-S4,S4
LIMS-531,LIMS-A101-WO-BPO13-13-11-LIMS,Physical Testing,98,BPO13-13-11,WO-BPO13-13-11-LIMS,Passed,F-1-S4,S4
LIMS-532,LIMS-A99-WO-BPO13-13-12-LIMS,Microbiological Testing,88,BPO13-13-12,WO-BPO13-13-12-LIMS,InProgress,F-1-S4,S4
LIMS-533,LIMS-A102-WO-BPO13-13-12-LIMS,Environmental Monitoring,95,BPO13-13-12,WO-BPO13-13-12-LIMS,Passed,F-1-S4,S4
LIMS-534,LIMS-A100-WO-BPO13-13-12-LIMS,Chemical Analysis,96,BPO13-13-12,WO-BPO13-13-12-LIMS,Passed,F-1-S4,S4
LIMS-535,LIMS-A103-WO-BPO13-13-13-LIMS,Stability Testing,100,BPO13-13-13,WO-BPO13-13-13-LIMS,Passed,F-1-S4,S4
LIMS-536,LIMS-A102-WO-BPO13-13-13-LIMS,Environmental Monitoring,91,BPO13-13-13,WO-BPO13-13-13-LIMS,Passed,F-1-S4,S4
LIMS-537,LIMS-A100-WO-BPO13-13-13-LIMS,Chemical Analysis,93,BPO13-13-13,WO-BPO13-13-13-LIMS,Passed,F-1-S4,S4
LIMS-538,LIMS-A101-WO-BPO13-13-14-LIMS,Physical Testing,95,BPO13-13-14,WO-BPO13-13-14-LIMS,Passed,F-1-S4,S4
LIMS-539,LIMS-A100-WO-BPO13-13-14-LIMS,Chemical Analysis,94,BPO13-13-14,WO-BPO13-13-14-LIMS,Passed,F-1-S4,S4
LIMS-540,LIMS-A102-WO-BPO13-13-14-LIMS,Environmental Monitoring,100,BPO13-13-14,WO-BPO13-13-14-LIMS,Passed,F-1-S4,S4
LIMS-541,LIMS-A22-WO-BPO14-14-1-LIMS,Chemical Analysis,97,BPO14-14-1,WO-BPO14-14-1-LIMS,Passed,F-1-S1,S1
LIMS-542,LIMS-A21-WO-BPO14-14-1-LIMS,Microbiological Testing,87,BPO14-14-1,WO-BPO14-14-1-LIMS,InProgress,F-1-S1,S1
LIMS-543,LIMS-A24-WO-BPO14-14-1-LIMS,Environmental Monitoring,81,BPO14-14-1,WO-BPO14-14-1-LIMS,InProgress,F-1-S1,S1
LIMS-544,LIMS-A22-WO-BPO14-14-2-LIMS,Chemical Analysis,95,BPO14-14-2,WO-BPO14-14-2-LIMS,Passed,F-1-S1,S1
LIMS-545,LIMS-A21-WO-BPO14-14-2-LIMS,Microbiological Testing,98,BPO14-14-2,WO-BPO14-14-2-LIMS,Passed,F-1-S1,S1
LIMS-546,LIMS-A23-WO-BPO14-14-2-LIMS,Physical Testing,95,BPO14-14-2,WO-BPO14-14-2-LIMS,Passed,F-1-S1,S1
LIMS-547,LIMS-A22-WO-BPO14-14-3-LIMS,Chemical Analysis,66,BPO14-14-3,WO-BPO14-14-3-LIMS,Failed,F-1-S1,S1
LIMS-548,LIMS-A23-WO-BPO14-14-3-LIMS,Physical Testing,92,BPO14-14-3,WO-BPO14-14-3-LIMS,Passed,F-1-S1,S1
LIMS-549,LIMS-A25-WO-BPO14-14-3-LIMS,Stability Testing,100,BPO14-14-3,WO-BPO14-14-3-LIMS,Passed,F-1-S1,S1
LIMS-550,LIMS-A23-WO-BPO14-14-4-LIMS,Physical Testing,93,BPO14-14-4,WO-BPO14-14-4-LIMS,Passed,F-1-S1,S1
LIMS-551,LIMS-A24-WO-BPO14-14-4-LIMS,Environmental Monitoring,91,BPO14-14-4,WO-BPO14-14-4-LIMS,Passed,F-1-S1,S1
LIMS-552,LIMS-A25-WO-BPO14-14-4-LIMS,Stability Testing,95,BPO14-14-4,WO-BPO14-14-4-LIMS,Passed,F-1-S1,S1
LIMS-553,LIMS-A22-WO-BPO14-14-5-LIMS,Chemical Analysis,95,BPO14-14-5,WO-BPO14-14-5-LIMS,Passed,F-1-S1,S1
LIMS-554,LIMS-A21-WO-BPO14-14-5-LIMS,Microbiological Testing,95,BPO14-14-5,WO-BPO14-14-5-LIMS,Passed,F-1-S1,S1
LIMS-555,LIMS-A23-WO-BPO14-14-5-LIMS,Physical Testing,82,BPO14-14-5,WO-BPO14-14-5-LIMS,InProgress,F-1-S1,S1
LIMS-556,LIMS-A25-WO-BPO14-14-6-LIMS,Stability Testing,91,BPO14-14-6,WO-BPO14-14-6-LIMS,Passed,F-1-S1,S1
LIMS-557,LIMS-A22-WO-BPO14-14-6-LIMS,Chemical Analysis,98,BPO14-14-6,WO-BPO14-14-6-LIMS,Passed,F-1-S1,S1
LIMS-558,LIMS-A24-WO-BPO14-14-6-LIMS,Environmental Monitoring,95,BPO14-14-6,WO-BPO14-14-6-LIMS,Passed,F-1-S1,S1
LIMS-559,LIMS-A21-WO-BPO14-14-7-LIMS,Microbiological Testing,95,BPO14-14-7,WO-BPO14-14-7-LIMS,Passed,F-1-S1,S1
LIMS-560,LIMS-A22-WO-BPO14-14-7-LIMS,Chemical Analysis,92,BPO14-14-7,WO-BPO14-14-7-LIMS,Passed,F-1-S1,S1
LIMS-561,LIMS-A23-WO-BPO14-14-7-LIMS,Physical Testing,94,BPO14-14-7,WO-BPO14-14-7-LIMS,Passed,F-1-S1,S1
LIMS-562,LIMS-A24-WO-BPO14-14-8-LIMS,Environmental Monitoring,96,BPO14-14-8,WO-BPO14-14-8-LIMS,Passed,F-1-S1,S1
LIMS-563,LIMS-A21-WO-BPO14-14-8-LIMS,Microbiological Testing,93,BPO14-14-8,WO-BPO14-14-8-LIMS,Passed,F-1-S1,S1
LIMS-564,LIMS-A23-WO-BPO14-14-8-LIMS,Physical Testing,94,BPO14-14-8,WO-BPO14-14-8-LIMS,Passed,F-1-S1,S1
LIMS-565,LIMS-A22-WO-BPO14-14-9-LIMS,Chemical Analysis,93,BPO14-14-9,WO-BPO14-14-9-LIMS,Passed,F-1-S1,S1
LIMS-566,LIMS-A23-WO-BPO14-14-9-LIMS,Physical Testing,91,BPO14-14-9,WO-BPO14-14-9-LIMS,Passed,F-1-S1,S1
LIMS-567,LIMS-A25-WO-BPO14-14-9-LIMS,Stability Testing,91,BPO14-14-9,WO-BPO14-14-9-LIMS,Passed,F-1-S1,S1
LIMS-568,LIMS-A24-WO-BPO14-14-10-LIMS,Environmental Monitoring,97,BPO14-14-10,WO-BPO14-14-10-LIMS,Passed,F-1-S1,S1
LIMS-569,LIMS-A22-WO-BPO14-14-10-LIMS,Chemical Analysis,93,BPO14-14-10,WO-BPO14-14-10-LIMS,Passed,F-1-S1,S1
LIMS-570,LIMS-A23-WO-BPO14-14-10-LIMS,Physical Testing,93,BPO14-14-10,WO-BPO14-14-10-LIMS,Passed,F-1-S1,S1
LIMS-571,LIMS-A25-WO-BPO14-14-11-LIMS,Stability Testing,93,BPO14-14-11,WO-BPO14-14-11-LIMS,Passed,F-1-S1,S1
LIMS-572,LIMS-A21-WO-BPO14-14-11-LIMS,Microbiological Testing,91,BPO14-14-11,WO-BPO14-14-11-LIMS,Passed,F-1-S1,S1
LIMS-573,LIMS-A24-WO-BPO14-14-11-LIMS,Environmental Monitoring,99,BPO14-14-11,WO-BPO14-14-11-LIMS,Passed,F-1-S1,S1
LIMS-574,LIMS-A21-WO-BPO14-14-12-LIMS,Microbiological Testing,96,BPO14-14-12,WO-BPO14-14-12-LIMS,Passed,F-1-S1,S1
LIMS-575,LIMS-A24-WO-BPO14-14-12-LIMS,Environmental Monitoring,97,BPO14-14-12,WO-BPO14-14-12-LIMS,Passed,F-1-S1,S1
LIMS-576,LIMS-A25-WO-BPO14-14-12-LIMS,Stability Testing,97,BPO14-14-12,WO-BPO14-14-12-LIMS,Passed,F-1-S1,S1
LIMS-577,LIMS-A21-WO-BPO14-14-13-LIMS,Microbiological Testing,96,BPO14-14-13,WO-BPO14-14-13-LIMS,Passed,F-1-S1,S1
LIMS-578,LIMS-A22-WO-BPO14-14-13-LIMS,Chemical Analysis,91,BPO14-14-13,WO-BPO14-14-13-LIMS,Passed,F-1-S1,S1
LIMS-579,LIMS-A25-WO-BPO14-14-13-LIMS,Stability Testing,92,BPO14-14-13,WO-BPO14-14-13-LIMS,Passed,F-1-S1,S1
LIMS-580,LIMS-A25-WO-BPO14-14-14-LIMS,Stability Testing,96,BPO14-14-14,WO-BPO14-14-14-LIMS,Passed,F-1-S1,S1
LIMS-581,LIMS-A23-WO-BPO14-14-14-LIMS,Physical Testing,92,BPO14-14-14,WO-BPO14-14-14-LIMS,Passed,F-1-S1,S1
LIMS-582,LIMS-A24-WO-BPO14-14-14-LIMS,Environmental Monitoring,92,BPO14-14-14,WO-BPO14-14-14-LIMS,Passed,F-1-S1,S1
LIMS-583,LIMS-A24-WO-BPO14-14-15-LIMS,Environmental Monitoring,99,BPO14-14-15,WO-BPO14-14-15-LIMS,Passed,F-1-S1,S1
LIMS-584,LIMS-A21-WO-BPO14-14-15-LIMS,Microbiological Testing,96,BPO14-14-15,WO-BPO14-14-15-LIMS,Passed,F-1-S1,S1
LIMS-585,LIMS-A25-WO-BPO14-14-15-LIMS,Stability Testing,98,BPO14-14-15,WO-BPO14-14-15-LIMS,Passed,F-1-S1,S1
LIMS-586,LIMS-A21-WO-BPO14-14-16-LIMS,Microbiological Testing,95,BPO14-14-16,WO-BPO14-14-16-LIMS,Passed,F-1-S1,S1
LIMS-587,LIMS-A22-WO-BPO14-14-16-LIMS,Chemical Analysis,96,BPO14-14-16,WO-BPO14-14-16-LIMS,Passed,F-1-S1,S1
LIMS-588,LIMS-A24-WO-BPO14-14-16-LIMS,Environmental Monitoring,100,BPO14-14-16,WO-BPO14-14-16-LIMS,Passed,F-1-S1,S1
LIMS-589,LIMS-A122-WO-BPO15-15-1-LIMS,Chemical Analysis,92,BPO15-15-1,WO-BPO15-15-1-LIMS,Passed,F-1-S5,S5
LIMS-590,LIMS-A125-WO-BPO15-15-1-LIMS,Stability Testing,95,BPO15-15-1,WO-BPO15-15-1-LIMS,Passed,F-1-S5,S5
LIMS-591,LIMS-A121-WO-BPO15-15-1-LIMS,Microbiological Testing,99,BPO15-15-1,WO-BPO15-15-1-LIMS,Passed,F-1-S5,S5
LIMS-592,LIMS-A124-WO-BPO15-15-2-LIMS,Environmental Monitoring,91,BPO15-15-2,WO-BPO15-15-2-LIMS,Passed,F-1-S5,S5
LIMS-593,LIMS-A123-WO-BPO15-15-2-LIMS,Physical Testing,100,BPO15-15-2,WO-BPO15-15-2-LIMS,Passed,F-1-S5,S5
LIMS-594,LIMS-A122-WO-BPO15-15-2-LIMS,Chemical Analysis,100,BPO15-15-2,WO-BPO15-15-2-LIMS,Passed,F-1-S5,S5
LIMS-595,LIMS-A121-WO-BPO15-15-3-LIMS,Microbiological Testing,99,BPO15-15-3,WO-BPO15-15-3-LIMS,Passed,F-1-S5,S5
LIMS-596,LIMS-A123-WO-BPO15-15-3-LIMS,Physical Testing,96,BPO15-15-3,WO-BPO15-15-3-LIMS,Passed,F-1-S5,S5
LIMS-597,LIMS-A125-WO-BPO15-15-3-LIMS,Stability Testing,94,BPO15-15-3,WO-BPO15-15-3-LIMS,Passed,F-1-S5,S5
LIMS-598,LIMS-A121-WO-BPO15-15-4-LIMS,Microbiological Testing,96,BPO15-15-4,WO-BPO15-15-4-LIMS,Passed,F-1-S5,S5
LIMS-599,LIMS-A123-WO-BPO15-15-4-LIMS,Physical Testing,99,BPO15-15-4,WO-BPO15-15-4-LIMS,Passed,F-1-S5,S5
LIMS-600,LIMS-A122-WO-BPO15-15-4-LIMS,Chemical Analysis,92,BPO15-15-4,WO-BPO15-15-4-LIMS,Passed,F-1-S5,S5
LIMS-601,LIMS-A125-WO-BPO15-15-5-LIMS,Stability Testing,94,BPO15-15-5,WO-BPO15-15-5-LIMS,Passed,F-1-S5,S5
LIMS-602,LIMS-A122-WO-BPO15-15-5-LIMS,Chemical Analysis,96,BPO15-15-5,WO-BPO15-15-5-LIMS,Passed,F-1-S5,S5
LIMS-603,LIMS-A124-WO-BPO15-15-5-LIMS,Environmental Monitoring,96,BPO15-15-5,WO-BPO15-15-5-LIMS,Passed,F-1-S5,S5
LIMS-604,LIMS-A122-WO-BPO15-15-6-LIMS,Chemical Analysis,92,BPO15-15-6,WO-BPO15-15-6-LIMS,Passed,F-1-S5,S5
LIMS-605,LIMS-A125-WO-BPO15-15-6-LIMS,Stability Testing,92,BPO15-15-6,WO-BPO15-15-6-LIMS,Passed,F-1-S5,S5
LIMS-606,LIMS-A121-WO-BPO15-15-6-LIMS,Microbiological Testing,96,BPO15-15-6,WO-BPO15-15-6-LIMS,Passed,F-1-S5,S5
LIMS-607,LIMS-A124-WO-BPO15-15-7-LIMS,Environmental Monitoring,91,BPO15-15-7,WO-BPO15-15-7-LIMS,Passed,F-1-S5,S5
LIMS-608,LIMS-A121-WO-BPO15-15-7-LIMS,Microbiological Testing,64,BPO15-15-7,WO-BPO15-15-7-LIMS,Failed,F-1-S5,S5
LIMS-609,LIMS-A123-WO-BPO15-15-7-LIMS,Physical Testing,93,BPO15-15-7,WO-BPO15-15-7-LIMS,Passed,F-1-S5,S5
LIMS-610,LIMS-A122-WO-BPO15-15-8-LIMS,Chemical Analysis,89,BPO15-15-8,WO-BPO15-15-8-LIMS,InProgress,F-1-S5,S5
LIMS-611,LIMS-A124-WO-BPO15-15-8-LIMS,Environmental Monitoring,99,BPO15-15-8,WO-BPO15-15-8-LIMS,Passed,F-1-S5,S5
LIMS-612,LIMS-A121-WO-BPO15-15-8-LIMS,Microbiological Testing,64,BPO15-15-8,WO-BPO15-15-8-LIMS,Failed,F-1-S5,S5
LIMS-613,LIMS-A124-WO-BPO15-15-9-LIMS,Environmental Monitoring,99,BPO15-15-9,WO-BPO15-15-9-LIMS,Passed,F-1-S5,S5
LIMS-614,LIMS-A123-WO-BPO15-15-9-LIMS,Physical Testing,99,BPO15-15-9,WO-BPO15-15-9-LIMS,Passed,F-1-S5,S5
LIMS-615,LIMS-A122-WO-BPO15-15-9-LIMS,Chemical Analysis,92,BPO15-15-9,WO-BPO15-15-9-LIMS,Passed,F-1-S5,S5
LIMS-616,LIMS-A123-WO-BPO15-15-10-LIMS,Physical Testing,92,BPO15-15-10,WO-BPO15-15-10-LIMS,Passed,F-1-S5,S5
LIMS-617,LIMS-A125-WO-BPO15-15-10-LIMS,Stability Testing,93,BPO15-15-10,WO-BPO15-15-10-LIMS,Passed,F-1-S5,S5
LIMS-618,LIMS-A124-WO-BPO15-15-10-LIMS,Environmental Monitoring,89,BPO15-15-10,WO-BPO15-15-10-LIMS,InProgress,F-1-S5,S5
LIMS-619,LIMS-A123-WO-BPO15-15-11-LIMS,Physical Testing,95,BPO15-15-11,WO-BPO15-15-11-LIMS,Passed,F-1-S5,S5
LIMS-620,LIMS-A122-WO-BPO15-15-11-LIMS,Chemical Analysis,92,BPO15-15-11,WO-BPO15-15-11-LIMS,Passed,F-1-S5,S5
LIMS-621,LIMS-A125-WO-BPO15-15-11-LIMS,Stability Testing,98,BPO15-15-11,WO-BPO15-15-11-LIMS,Passed,F-1-S5,S5
LIMS-622,LIMS-A122-WO-BPO15-15-12-LIMS,Chemical Analysis,94,BPO15-15-12,WO-BPO15-15-12-LIMS,Passed,F-1-S5,S5
LIMS-623,LIMS-A125-WO-BPO15-15-12-LIMS,Stability Testing,99,BPO15-15-12,WO-BPO15-15-12-LIMS,Passed,F-1-S5,S5
LIMS-624,LIMS-A123-WO-BPO15-15-12-LIMS,Physical Testing,100,BPO15-15-12,WO-BPO15-15-12-LIMS,Passed,F-1-S5,S5
LIMS-625,LIMS-A123-WO-BPO15-15-13-LIMS,Physical Testing,91,BPO15-15-13,WO-BPO15-15-13-LIMS,Passed,F-1-S5,S5
LIMS-626,LIMS-A125-WO-BPO15-15-13-LIMS,Stability Testing,96,BPO15-15-13,WO-BPO15-15-13-LIMS,Passed,F-1-S5,S5
LIMS-627,LIMS-A121-WO-BPO15-15-13-LIMS,Microbiological Testing,95,BPO15-15-13,WO-BPO15-15-13-LIMS,Passed,F-1-S5,S5
LIMS-628,LIMS-A124-WO-BPO15-15-14-LIMS,Environmental Monitoring,92,BPO15-15-14,WO-BPO15-15-14-LIMS,Passed,F-1-S5,S5
LIMS-629,LIMS-A125-WO-BPO15-15-14-LIMS,Stability Testing,95,BPO15-15-14,WO-BPO15-15-14-LIMS,Passed,F-1-S5,S5
LIMS-630,LIMS-A121-WO-BPO15-15-14-LIMS,Microbiological Testing,83,BPO15-15-14,WO-BPO15-15-14-LIMS,InProgress,F-1-S5,S5
LIMS-631,LIMS-A124-WO-BPO15-15-15-LIMS,Environmental Monitoring,95,BPO15-15-15,WO-BPO15-15-15-LIMS,Passed,F-1-S5,S5
LIMS-632,LIMS-A122-WO-BPO15-15-15-LIMS,Chemical Analysis,96,BPO15-15-15,WO-BPO15-15-15-LIMS,Passed,F-1-S5,S5
LIMS-633,LIMS-A125-WO-BPO15-15-15-LIMS,Stability Testing,97,BPO15-15-15,WO-BPO15-15-15-LIMS,Passed,F-1-S5,S5
LIMS-634,LIMS-A122-WO-BPO15-15-16-LIMS,Chemical Analysis,85,BPO15-15-16,WO-BPO15-15-16-LIMS,InProgress,F-1-S5,S5
LIMS-635,LIMS-A123-WO-BPO15-15-16-LIMS,Physical Testing,95,BPO15-15-16,WO-BPO15-15-16-LIMS,Passed,F-1-S5,S5
LIMS-636,LIMS-A121-WO-BPO15-15-16-LIMS,Microbiological Testing,95,BPO15-15-16,WO-BPO15-15-16-LIMS,Passed,F-1-S5,S5
LIMS-637,LIMS-A123-WO-BPO16-16-1-LIMS,Physical Testing,91,BPO16-16-1,WO-BPO16-16-1-LIMS,Passed,F-1-S5,S5
LIMS-638,LIMS-A121-WO-BPO16-16-1-LIMS,Microbiological Testing,98,BPO16-16-1,WO-BPO16-16-1-LIMS,Passed,F-1-S5,S5
LIMS-639,LIMS-A124-WO-BPO16-16-1-LIMS,Environmental Monitoring,97,BPO16-16-1,WO-BPO16-16-1-LIMS,Passed,F-1-S5,S5
LIMS-640,LIMS-A125-WO-BPO16-16-2-LIMS,Stability Testing,99,BPO16-16-2,WO-BPO16-16-2-LIMS,Passed,F-1-S5,S5
LIMS-641,LIMS-A124-WO-BPO16-16-2-LIMS,Environmental Monitoring,98,BPO16-16-2,WO-BPO16-16-2-LIMS,Passed,F-1-S5,S5
LIMS-642,LIMS-A123-WO-BPO16-16-2-LIMS,Physical Testing,95,BPO16-16-2,WO-BPO16-16-2-LIMS,Passed,F-1-S5,S5
LIMS-643,LIMS-A124-WO-BPO16-16-3-LIMS,Environmental Monitoring,92,BPO16-16-3,WO-BPO16-16-3-LIMS,Passed,F-1-S5,S5
LIMS-644,LIMS-A123-WO-BPO16-16-3-LIMS,Physical Testing,100,BPO16-16-3,WO-BPO16-16-3-LIMS,Passed,F-1-S5,S5
LIMS-645,LIMS-A122-WO-BPO16-16-3-LIMS,Chemical Analysis,96,BPO16-16-3,WO-BPO16-16-3-LIMS,Passed,F-1-S5,S5
LIMS-646,LIMS-A121-WO-BPO16-16-4-LIMS,Microbiological Testing,87,BPO16-16-4,WO-BPO16-16-4-LIMS,InProgress,F-1-S5,S5
LIMS-647,LIMS-A124-WO-BPO16-16-4-LIMS,Environmental Monitoring,86,BPO16-16-4,WO-BPO16-16-4-LIMS,InProgress,F-1-S5,S5
LIMS-648,LIMS-A122-WO-BPO16-16-4-LIMS,Chemical Analysis,97,BPO16-16-4,WO-BPO16-16-4-LIMS,Passed,F-1-S5,S5
LIMS-649,LIMS-A125-WO-BPO16-16-5-LIMS,Stability Testing,100,BPO16-16-5,WO-BPO16-16-5-LIMS,Passed,F-1-S5,S5
LIMS-650,LIMS-A124-WO-BPO16-16-5-LIMS,Environmental Monitoring,99,BPO16-16-5,WO-BPO16-16-5-LIMS,Passed,F-1-S5,S5
LIMS-651,LIMS-A123-WO-BPO16-16-5-LIMS,Physical Testing,100,BPO16-16-5,WO-BPO16-16-5-LIMS,Passed,F-1-S5,S5
LIMS-652,LIMS-A125-WO-BPO16-16-6-LIMS,Stability Testing,81,BPO16-16-6,WO-BPO16-16-6-LIMS,InProgress,F-1-S5,S5
LIMS-653,LIMS-A123-WO-BPO16-16-6-LIMS,Physical Testing,91,BPO16-16-6,WO-BPO16-16-6-LIMS,Passed,F-1-S5,S5
LIMS-654,LIMS-A121-WO-BPO16-16-6-LIMS,Microbiological Testing,96,BPO16-16-6,WO-BPO16-16-6-LIMS,Passed,F-1-S5,S5
LIMS-655,LIMS-A124-WO-BPO16-16-7-LIMS,Environmental Monitoring,92,BPO16-16-7,WO-BPO16-16-7-LIMS,Passed,F-1-S5,S5
LIMS-656,LIMS-A125-WO-BPO16-16-7-LIMS,Stability Testing,99,BPO16-16-7,WO-BPO16-16-7-LIMS,Passed,F-1-S5,S5
LIMS-657,LIMS-A123-WO-BPO16-16-7-LIMS,Physical Testing,95,BPO16-16-7,WO-BPO16-16-7-LIMS,Passed,F-1-S5,S5
LIMS-658,LIMS-A122-WO-BPO16-16-8-LIMS,Chemical Analysis,100,BPO16-16-8,WO-BPO16-16-8-LIMS,Passed,F-1-S5,S5
LIMS-659,LIMS-A125-WO-BPO16-16-8-LIMS,Stability Testing,100,BPO16-16-8,WO-BPO16-16-8-LIMS,Passed,F-1-S5,S5
LIMS-660,LIMS-A124-WO-BPO16-16-8-LIMS,Environmental Monitoring,93,BPO16-16-8,WO-BPO16-16-8-LIMS,Passed,F-1-S5,S5
LIMS-661,LIMS-A125-WO-BPO16-16-9-LIMS,Stability Testing,98,BPO16-16-9,WO-BPO16-16-9-LIMS,Passed,F-1-S5,S5
LIMS-662,LIMS-A123-WO-BPO16-16-9-LIMS,Physical Testing,96,BPO16-16-9,WO-BPO16-16-9-LIMS,Passed,F-1-S5,S5
LIMS-663,LIMS-A121-WO-BPO16-16-9-LIMS,Microbiological Testing,100,BPO16-16-9,WO-BPO16-16-9-LIMS,Passed,F-1-S5,S5
LIMS-664,LIMS-A121-WO-BPO16-16-10-LIMS,Microbiological Testing,99,BPO16-16-10,WO-BPO16-16-10-LIMS,Passed,F-1-S5,S5
LIMS-665,LIMS-A123-WO-BPO16-16-10-LIMS,Physical Testing,97,BPO16-16-10,WO-BPO16-16-10-LIMS,Passed,F-1-S5,S5
LIMS-666,LIMS-A122-WO-BPO16-16-10-LIMS,Chemical Analysis,95,BPO16-16-10,WO-BPO16-16-10-LIMS,Passed,F-1-S5,S5
LIMS-667,LIMS-A125-WO-BPO16-16-11-LIMS,Stability Testing,71,BPO16-16-11,WO-BPO16-16-11-LIMS,Failed,F-1-S5,S5
LIMS-668,LIMS-A121-WO-BPO16-16-11-LIMS,Microbiological Testing,100,BPO16-16-11,WO-BPO16-16-11-LIMS,Passed,F-1-S5,S5
LIMS-669,LIMS-A123-WO-BPO16-16-11-LIMS,Physical Testing,92,BPO16-16-11,WO-BPO16-16-11-LIMS,Passed,F-1-S5,S5
LIMS-670,LIMS-A25-WO-BPO17-17-1-LIMS,Stability Testing,97,BPO17-17-1,WO-BPO17-17-1-LIMS,Passed,F-1-S1,S1
LIMS-671,LIMS-A22-WO-BPO17-17-1-LIMS,Chemical Analysis,91,BPO17-17-1,WO-BPO17-17-1-LIMS,Passed,F-1-S1,S1
LIMS-672,LIMS-A23-WO-BPO17-17-1-LIMS,Physical Testing,99,BPO17-17-1,WO-BPO17-17-1-LIMS,Passed,F-1-S1,S1
LIMS-673,LIMS-A25-WO-BPO17-17-2-LIMS,Stability Testing,95,BPO17-17-2,WO-BPO17-17-2-LIMS,Passed,F-1-S1,S1
LIMS-674,LIMS-A21-WO-BPO17-17-2-LIMS,Microbiological Testing,91,BPO17-17-2,WO-BPO17-17-2-LIMS,Passed,F-1-S1,S1
LIMS-675,LIMS-A24-WO-BPO17-17-2-LIMS,Environmental Monitoring,92,BPO17-17-2,WO-BPO17-17-2-LIMS,Passed,F-1-S1,S1
LIMS-676,LIMS-A25-WO-BPO17-17-3-LIMS,Stability Testing,92,BPO17-17-3,WO-BPO17-17-3-LIMS,Passed,F-1-S1,S1
LIMS-677,LIMS-A23-WO-BPO17-17-3-LIMS,Physical Testing,99,BPO17-17-3,WO-BPO17-17-3-LIMS,Passed,F-1-S1,S1
LIMS-678,LIMS-A22-WO-BPO17-17-3-LIMS,Chemical Analysis,98,BPO17-17-3,WO-BPO17-17-3-LIMS,Passed,F-1-S1,S1
LIMS-679,LIMS-A22-WO-BPO17-17-4-LIMS,Chemical Analysis,95,BPO17-17-4,WO-BPO17-17-4-LIMS,Passed,F-1-S1,S1
LIMS-680,LIMS-A24-WO-BPO17-17-4-LIMS,Environmental Monitoring,97,BPO17-17-4,WO-BPO17-17-4-LIMS,Passed,F-1-S1,S1
LIMS-681,LIMS-A23-WO-BPO17-17-4-LIMS,Physical Testing,100,BPO17-17-4,WO-BPO17-17-4-LIMS,Passed,F-1-S1,S1
LIMS-682,LIMS-A25-WO-BPO17-17-5-LIMS,Stability Testing,95,BPO17-17-5,WO-BPO17-17-5-LIMS,Passed,F-1-S1,S1
LIMS-683,LIMS-A24-WO-BPO17-17-5-LIMS,Environmental Monitoring,99,BPO17-17-5,WO-BPO17-17-5-LIMS,Passed,F-1-S1,S1
LIMS-684,LIMS-A21-WO-BPO17-17-5-LIMS,Microbiological Testing,97,BPO17-17-5,WO-BPO17-17-5-LIMS,Passed,F-1-S1,S1
LIMS-685,LIMS-A25-WO-BPO17-17-6-LIMS,Stability Testing,96,BPO17-17-6,WO-BPO17-17-6-LIMS,Passed,F-1-S1,S1
LIMS-686,LIMS-A21-WO-BPO17-17-6-LIMS,Microbiological Testing,95,BPO17-17-6,WO-BPO17-17-6-LIMS,Passed,F-1-S1,S1
LIMS-687,LIMS-A24-WO-BPO17-17-6-LIMS,Environmental Monitoring,93,BPO17-17-6,WO-BPO17-17-6-LIMS,Passed,F-1-S1,S1
LIMS-688,LIMS-A24-WO-BPO17-17-7-LIMS,Environmental Monitoring,98,BPO17-17-7,WO-BPO17-17-7-LIMS,Passed,F-1-S1,S1
LIMS-689,LIMS-A21-WO-BPO17-17-7-LIMS,Microbiological Testing,96,BPO17-17-7,WO-BPO17-17-7-LIMS,Passed,F-1-S1,S1
LIMS-690,LIMS-A23-WO-BPO17-17-7-LIMS,Physical Testing,100,BPO17-17-7,WO-BPO17-17-7-LIMS,Passed,F-1-S1,S1
LIMS-691,LIMS-A25-WO-BPO17-17-8-LIMS,Stability Testing,94,BPO17-17-8,WO-BPO17-17-8-LIMS,Passed,F-1-S1,S1
LIMS-692,LIMS-A24-WO-BPO17-17-8-LIMS,Environmental Monitoring,99,BPO17-17-8,WO-BPO17-17-8-LIMS,Passed,F-1-S1,S1
LIMS-693,LIMS-A22-WO-BPO17-17-8-LIMS,Chemical Analysis,91,BPO17-17-8,WO-BPO17-17-8-LIMS,Passed,F-1-S1,S1
LIMS-694,LIMS-A21-WO-BPO17-17-9-LIMS,Microbiological Testing,93,BPO17-17-9,WO-BPO17-17-9-LIMS,Passed,F-1-S1,S1
LIMS-695,LIMS-A22-WO-BPO17-17-9-LIMS,Chemical Analysis,99,BPO17-17-9,WO-BPO17-17-9-LIMS,Passed,F-1-S1,S1
LIMS-696,LIMS-A25-WO-BPO17-17-9-LIMS,Stability Testing,96,BPO17-17-9,WO-BPO17-17-9-LIMS,Passed,F-1-S1,S1
LIMS-697,LIMS-A24-WO-BPO17-17-10-LIMS,Environmental Monitoring,99,BPO17-17-10,WO-BPO17-17-10-LIMS,Passed,F-1-S1,S1
LIMS-698,LIMS-A22-WO-BPO17-17-10-LIMS,Chemical Analysis,98,BPO17-17-10,WO-BPO17-17-10-LIMS,Passed,F-1-S1,S1
LIMS-699,LIMS-A23-WO-BPO17-17-10-LIMS,Physical Testing,100,BPO17-17-10,WO-BPO17-17-10-LIMS,Passed,F-1-S1,S1
LIMS-700,LIMS-A24-WO-BPO17-17-11-LIMS,Environmental Monitoring,91,BPO17-17-11,WO-BPO17-17-11-LIMS,Passed,F-1-S1,S1
LIMS-701,LIMS-A21-WO-BPO17-17-11-LIMS,Microbiological Testing,93,BPO17-17-11,WO-BPO17-17-11-LIMS,Passed,F-1-S1,S1
LIMS-702,LIMS-A22-WO-BPO17-17-11-LIMS,Chemical Analysis,91,BPO17-17-11,WO-BPO17-17-11-LIMS,Passed,F-1-S1,S1
LIMS-703,LIMS-A25-WO-BPO17-17-12-LIMS,Stability Testing,89,BPO17-17-12,WO-BPO17-17-12-LIMS,InProgress,F-1-S1,S1
LIMS-704,LIMS-A22-WO-BPO17-17-12-LIMS,Chemical Analysis,100,BPO17-17-12,WO-BPO17-17-12-LIMS,Passed,F-1-S1,S1
LIMS-705,LIMS-A23-WO-BPO17-17-12-LIMS,Physical Testing,97,BPO17-17-12,WO-BPO17-17-12-LIMS,Passed,F-1-S1,S1
LIMS-706,LIMS-A21-WO-BPO17-17-13-LIMS,Microbiological Testing,97,BPO17-17-13,WO-BPO17-17-13-LIMS,Passed,F-1-S1,S1
LIMS-707,LIMS-A24-WO-BPO17-17-13-LIMS,Environmental Monitoring,94,BPO17-17-13,WO-BPO17-17-13-LIMS,Passed,F-1-S1,S1
LIMS-708,LIMS-A22-WO-BPO17-17-13-LIMS,Chemical Analysis,97,BPO17-17-13,WO-BPO17-17-13-LIMS,Passed,F-1-S1,S1
LIMS-709,LIMS-A25-WO-BPO17-17-14-LIMS,Stability Testing,100,BPO17-17-14,WO-BPO17-17-14-LIMS,Passed,F-1-S1,S1
LIMS-710,LIMS-A23-WO-BPO17-17-14-LIMS,Physical Testing,99,BPO17-17-14,WO-BPO17-17-14-LIMS,Passed,F-1-S1,S1
LIMS-711,LIMS-A22-WO-BPO17-17-14-LIMS,Chemical Analysis,85,BPO17-17-14,WO-BPO17-17-14-LIMS,InProgress,F-1-S1,S1
LIMS-712,LIMS-A21-WO-BPO17-17-15-LIMS,Microbiological Testing,96,BPO17-17-15,WO-BPO17-17-15-LIMS,Passed,F-1-S1,S1
LIMS-713,LIMS-A25-WO-BPO17-17-15-LIMS,Stability Testing,97,BPO17-17-15,WO-BPO17-17-15-LIMS,Passed,F-1-S1,S1
LIMS-714,LIMS-A23-WO-BPO17-17-15-LIMS,Physical Testing,97,BPO17-17-15,WO-BPO17-17-15-LIMS,Passed,F-1-S1,S1
LIMS-715,LIMS-A24-WO-BPO17-17-16-LIMS,Environmental Monitoring,97,BPO17-17-16,WO-BPO17-17-16-LIMS,Passed,F-1-S1,S1
LIMS-716,LIMS-A21-WO-BPO17-17-16-LIMS,Microbiological Testing,96,BPO17-17-16,WO-BPO17-17-16-LIMS,Passed,F-1-S1,S1
LIMS-717,LIMS-A22-WO-BPO17-17-16-LIMS,Chemical Analysis,96,BPO17-17-16,WO-BPO17-17-16-LIMS,Passed,F-1-S1,S1
LIMS-718,LIMS-A237-WO-BPO18-18-1-LIMS,Environmental Monitoring,84,BPO18-18-1,WO-BPO18-18-1-LIMS,InProgress,F-1-S9,S9
LIMS-719,LIMS-A236-WO-BPO18-18-1-LIMS,Physical Testing,91,BPO18-18-1,WO-BPO18-18-1-LIMS,Passed,F-1-S9,S9
LIMS-720,LIMS-A235-WO-BPO18-18-1-LIMS,Chemical Analysis,91,BPO18-18-1,WO-BPO18-18-1-LIMS,Passed,F-1-S9,S9
LIMS-721,LIMS-A234-WO-BPO18-18-2-LIMS,Microbiological Testing,94,BPO18-18-2,WO-BPO18-18-2-LIMS,Passed,F-1-S9,S9
LIMS-722,LIMS-A235-WO-BPO18-18-2-LIMS,Chemical Analysis,99,BPO18-18-2,WO-BPO18-18-2-LIMS,Passed,F-1-S9,S9
LIMS-723,LIMS-A238-WO-BPO18-18-2-LIMS,Stability Testing,94,BPO18-18-2,WO-BPO18-18-2-LIMS,Passed,F-1-S9,S9
LIMS-724,LIMS-A235-WO-BPO18-18-3-LIMS,Chemical Analysis,93,BPO18-18-3,WO-BPO18-18-3-LIMS,Passed,F-1-S9,S9
LIMS-725,LIMS-A236-WO-BPO18-18-3-LIMS,Physical Testing,91,BPO18-18-3,WO-BPO18-18-3-LIMS,Passed,F-1-S9,S9
LIMS-726,LIMS-A237-WO-BPO18-18-3-LIMS,Environmental Monitoring,97,BPO18-18-3,WO-BPO18-18-3-LIMS,Passed,F-1-S9,S9
LIMS-727,LIMS-A235-WO-BPO18-18-4-LIMS,Chemical Analysis,96,BPO18-18-4,WO-BPO18-18-4-LIMS,Passed,F-1-S9,S9
LIMS-728,LIMS-A234-WO-BPO18-18-4-LIMS,Microbiological Testing,93,BPO18-18-4,WO-BPO18-18-4-LIMS,Passed,F-1-S9,S9
LIMS-729,LIMS-A236-WO-BPO18-18-4-LIMS,Physical Testing,97,BPO18-18-4,WO-BPO18-18-4-LIMS,Passed,F-1-S9,S9
LIMS-730,LIMS-A237-WO-BPO18-18-5-LIMS,Environmental Monitoring,81,BPO18-18-5,WO-BPO18-18-5-LIMS,InProgress,F-1-S9,S9
LIMS-731,LIMS-A234-WO-BPO18-18-5-LIMS,Microbiological Testing,93,BPO18-18-5,WO-BPO18-18-5-LIMS,Passed,F-1-S9,S9
LIMS-732,LIMS-A238-WO-BPO18-18-5-LIMS,Stability Testing,98,BPO18-18-5,WO-BPO18-18-5-LIMS,Passed,F-1-S9,S9
LIMS-733,LIMS-A234-WO-BPO18-18-6-LIMS,Microbiological Testing,87,BPO18-18-6,WO-BPO18-18-6-LIMS,InProgress,F-1-S9,S9
LIMS-734,LIMS-A237-WO-BPO18-18-6-LIMS,Environmental Monitoring,93,BPO18-18-6,WO-BPO18-18-6-LIMS,Passed,F-1-S9,S9
LIMS-735,LIMS-A235-WO-BPO18-18-6-LIMS,Chemical Analysis,100,BPO18-18-6,WO-BPO18-18-6-LIMS,Passed,F-1-S9,S9
LIMS-736,LIMS-A235-WO-BPO18-18-7-LIMS,Chemical Analysis,95,BPO18-18-7,WO-BPO18-18-7-LIMS,Passed,F-1-S9,S9
LIMS-737,LIMS-A236-WO-BPO18-18-7-LIMS,Physical Testing,92,BPO18-18-7,WO-BPO18-18-7-LIMS,Passed,F-1-S9,S9
LIMS-738,LIMS-A234-WO-BPO18-18-7-LIMS,Microbiological Testing,94,BPO18-18-7,WO-BPO18-18-7-LIMS,Passed,F-1-S9,S9
LIMS-739,LIMS-A238-WO-BPO18-18-8-LIMS,Stability Testing,94,BPO18-18-8,WO-BPO18-18-8-LIMS,Passed,F-1-S9,S9
LIMS-740,LIMS-A235-WO-BPO18-18-8-LIMS,Chemical Analysis,95,BPO18-18-8,WO-BPO18-18-8-LIMS,Passed,F-1-S9,S9
LIMS-741,LIMS-A236-WO-BPO18-18-8-LIMS,Physical Testing,84,BPO18-18-8,WO-BPO18-18-8-LIMS,InProgress,F-1-S9,S9
LIMS-742,LIMS-A121-WO-BPO19-19-1-LIMS,Microbiological Testing,99,BPO19-19-1,WO-BPO19-19-1-LIMS,Passed,F-1-S5,S5
LIMS-743,LIMS-A124-WO-BPO19-19-1-LIMS,Environmental Monitoring,99,BPO19-19-1,WO-BPO19-19-1-LIMS,Passed,F-1-S5,S5
LIMS-744,LIMS-A122-WO-BPO19-19-1-LIMS,Chemical Analysis,93,BPO19-19-1,WO-BPO19-19-1-LIMS,Passed,F-1-S5,S5
LIMS-745,LIMS-A122-WO-BPO19-19-2-LIMS,Chemical Analysis,93,BPO19-19-2,WO-BPO19-19-2-LIMS,Passed,F-1-S5,S5
LIMS-746,LIMS-A125-WO-BPO19-19-2-LIMS,Stability Testing,92,BPO19-19-2,WO-BPO19-19-2-LIMS,Passed,F-1-S5,S5
LIMS-747,LIMS-A123-WO-BPO19-19-2-LIMS,Physical Testing,88,BPO19-19-2,WO-BPO19-19-2-LIMS,InProgress,F-1-S5,S5
LIMS-748,LIMS-A121-WO-BPO19-19-3-LIMS,Microbiological Testing,97,BPO19-19-3,WO-BPO19-19-3-LIMS,Passed,F-1-S5,S5
LIMS-749,LIMS-A122-WO-BPO19-19-3-LIMS,Chemical Analysis,93,BPO19-19-3,WO-BPO19-19-3-LIMS,Passed,F-1-S5,S5
LIMS-750,LIMS-A125-WO-BPO19-19-3-LIMS,Stability Testing,97,BPO19-19-3,WO-BPO19-19-3-LIMS,Passed,F-1-S5,S5
LIMS-751,LIMS-A125-WO-BPO19-19-4-LIMS,Stability Testing,96,BPO19-19-4,WO-BPO19-19-4-LIMS,Passed,F-1-S5,S5
LIMS-752,LIMS-A124-WO-BPO19-19-4-LIMS,Environmental Monitoring,95,BPO19-19-4,WO-BPO19-19-4-LIMS,Passed,F-1-S5,S5
LIMS-753,LIMS-A121-WO-BPO19-19-4-LIMS,Microbiological Testing,86,BPO19-19-4,WO-BPO19-19-4-LIMS,InProgress,F-1-S5,S5
LIMS-754,LIMS-A124-WO-BPO19-19-5-LIMS,Environmental Monitoring,97,BPO19-19-5,WO-BPO19-19-5-LIMS,Passed,F-1-S5,S5
LIMS-755,LIMS-A121-WO-BPO19-19-5-LIMS,Microbiological Testing,71,BPO19-19-5,WO-BPO19-19-5-LIMS,Failed,F-1-S5,S5
LIMS-756,LIMS-A122-WO-BPO19-19-5-LIMS,Chemical Analysis,97,BPO19-19-5,WO-BPO19-19-5-LIMS,Passed,F-1-S5,S5
LIMS-757,LIMS-A121-WO-BPO19-19-6-LIMS,Microbiological Testing,92,BPO19-19-6,WO-BPO19-19-6-LIMS,Passed,F-1-S5,S5
LIMS-758,LIMS-A124-WO-BPO19-19-6-LIMS,Environmental Monitoring,99,BPO19-19-6,WO-BPO19-19-6-LIMS,Passed,F-1-S5,S5
LIMS-759,LIMS-A125-WO-BPO19-19-6-LIMS,Stability Testing,87,BPO19-19-6,WO-BPO19-19-6-LIMS,InProgress,F-1-S5,S5
LIMS-760,LIMS-A124-WO-BPO19-19-7-LIMS,Environmental Monitoring,94,BPO19-19-7,WO-BPO19-19-7-LIMS,Passed,F-1-S5,S5
LIMS-761,LIMS-A121-WO-BPO19-19-7-LIMS,Microbiological Testing,86,BPO19-19-7,WO-BPO19-19-7-LIMS,InProgress,F-1-S5,S5
LIMS-762,LIMS-A123-WO-BPO19-19-7-LIMS,Physical Testing,95,BPO19-19-7,WO-BPO19-19-7-LIMS,Passed,F-1-S5,S5
LIMS-763,LIMS-A121-WO-BPO19-19-8-LIMS,Microbiological Testing,100,BPO19-19-8,WO-BPO19-19-8-LIMS,Passed,F-1-S5,S5
LIMS-764,LIMS-A125-WO-BPO19-19-8-LIMS,Stability Testing,93,BPO19-19-8,WO-BPO19-19-8-LIMS,Passed,F-1-S5,S5
LIMS-765,LIMS-A123-WO-BPO19-19-8-LIMS,Physical Testing,99,BPO19-19-8,WO-BPO19-19-8-LIMS,Passed,F-1-S5,S5
LIMS-766,LIMS-A125-WO-BPO19-19-9-LIMS,Stability Testing,87,BPO19-19-9,WO-BPO19-19-9-LIMS,InProgress,F-1-S5,S5
LIMS-767,LIMS-A121-WO-BPO19-19-9-LIMS,Microbiological Testing,95,BPO19-19-9,WO-BPO19-19-9-LIMS,Passed,F-1-S5,S5
LIMS-768,LIMS-A122-WO-BPO19-19-9-LIMS,Chemical Analysis,94,BPO19-19-9,WO-BPO19-19-9-LIMS,Passed,F-1-S5,S5
LIMS-769,LIMS-A125-WO-BPO19-19-10-LIMS,Stability Testing,91,BPO19-19-10,WO-BPO19-19-10-LIMS,Passed,F-1-S5,S5
LIMS-770,LIMS-A122-WO-BPO19-19-10-LIMS,Chemical Analysis,100,BPO19-19-10,WO-BPO19-19-10-LIMS,Passed,F-1-S5,S5
LIMS-771,LIMS-A124-WO-BPO19-19-10-LIMS,Environmental Monitoring,91,BPO19-19-10,WO-BPO19-19-10-LIMS,Passed,F-1-S5,S5
LIMS-772,LIMS-A124-WO-BPO19-19-11-LIMS,Environmental Monitoring,97,BPO19-19-11,WO-BPO19-19-11-LIMS,Passed,F-1-S5,S5
LIMS-773,LIMS-A123-WO-BPO19-19-11-LIMS,Physical Testing,98,BPO19-19-11,WO-BPO19-19-11-LIMS,Passed,F-1-S5,S5
LIMS-774,LIMS-A122-WO-BPO19-19-11-LIMS,Chemical Analysis,91,BPO19-19-11,WO-BPO19-19-11-LIMS,Passed,F-1-S5,S5
LIMS-775,LIMS-A267-WO-BPO20-20-1-LIMS,Stability Testing,93,BPO20-20-1,WO-BPO20-20-1-LIMS,Passed,F-1-S10,S10
LIMS-776,LIMS-A264-WO-BPO20-20-1-LIMS,Chemical Analysis,98,BPO20-20-1,WO-BPO20-20-1-LIMS,Passed,F-1-S10,S10
LIMS-777,LIMS-A265-WO-BPO20-20-1-LIMS,Physical Testing,95,BPO20-20-1,WO-BPO20-20-1-LIMS,Passed,F-1-S10,S10
LIMS-778,LIMS-A267-WO-BPO20-20-2-LIMS,Stability Testing,99,BPO20-20-2,WO-BPO20-20-2-LIMS,Passed,F-1-S10,S10
LIMS-779,LIMS-A265-WO-BPO20-20-2-LIMS,Physical Testing,96,BPO20-20-2,WO-BPO20-20-2-LIMS,Passed,F-1-S10,S10
LIMS-780,LIMS-A263-WO-BPO20-20-2-LIMS,Microbiological Testing,100,BPO20-20-2,WO-BPO20-20-2-LIMS,Passed,F-1-S10,S10
LIMS-781,LIMS-A265-WO-BPO20-20-3-LIMS,Physical Testing,99,BPO20-20-3,WO-BPO20-20-3-LIMS,Passed,F-1-S10,S10
LIMS-782,LIMS-A263-WO-BPO20-20-3-LIMS,Microbiological Testing,95,BPO20-20-3,WO-BPO20-20-3-LIMS,Passed,F-1-S10,S10
LIMS-783,LIMS-A264-WO-BPO20-20-3-LIMS,Chemical Analysis,93,BPO20-20-3,WO-BPO20-20-3-LIMS,Passed,F-1-S10,S10
LIMS-784,LIMS-A266-WO-BPO20-20-4-LIMS,Environmental Monitoring,100,BPO20-20-4,WO-BPO20-20-4-LIMS,Passed,F-1-S10,S10
LIMS-785,LIMS-A264-WO-BPO20-20-4-LIMS,Chemical Analysis,92,BPO20-20-4,WO-BPO20-20-4-LIMS,Passed,F-1-S10,S10
LIMS-786,LIMS-A263-WO-BPO20-20-4-LIMS,Microbiological Testing,98,BPO20-20-4,WO-BPO20-20-4-LIMS,Passed,F-1-S10,S10
LIMS-787,LIMS-A264-WO-BPO20-20-5-LIMS,Chemical Analysis,100,BPO20-20-5,WO-BPO20-20-5-LIMS,Passed,F-1-S10,S10
LIMS-788,LIMS-A266-WO-BPO20-20-5-LIMS,Environmental Monitoring,98,BPO20-20-5,WO-BPO20-20-5-LIMS,Passed,F-1-S10,S10
LIMS-789,LIMS-A267-WO-BPO20-20-5-LIMS,Stability Testing,94,BPO20-20-5,WO-BPO20-20-5-LIMS,Passed,F-1-S10,S10
LIMS-790,LIMS-A263-WO-BPO20-20-6-LIMS,Microbiological Testing,94,BPO20-20-6,WO-BPO20-20-6-LIMS,Passed,F-1-S10,S10
LIMS-791,LIMS-A265-WO-BPO20-20-6-LIMS,Physical Testing,99,BPO20-20-6,WO-BPO20-20-6-LIMS,Passed,F-1-S10,S10
LIMS-792,LIMS-A267-WO-BPO20-20-6-LIMS,Stability Testing,91,BPO20-20-6,WO-BPO20-20-6-LIMS,Passed,F-1-S10,S10
LIMS-793,LIMS-A265-WO-BPO20-20-7-LIMS,Physical Testing,89,BPO20-20-7,WO-BPO20-20-7-LIMS,InProgress,F-1-S10,S10
LIMS-794,LIMS-A263-WO-BPO20-20-7-LIMS,Microbiological Testing,95,BPO20-20-7,WO-BPO20-20-7-LIMS,Passed,F-1-S10,S10
LIMS-795,LIMS-A264-WO-BPO20-20-7-LIMS,Chemical Analysis,95,BPO20-20-7,WO-BPO20-20-7-LIMS,Passed,F-1-S10,S10
LIMS-796,LIMS-A266-WO-BPO20-20-8-LIMS,Environmental Monitoring,98,BPO20-20-8,WO-BPO20-20-8-LIMS,Passed,F-1-S10,S10
LIMS-797,LIMS-A267-WO-BPO20-20-8-LIMS,Stability Testing,99,BPO20-20-8,WO-BPO20-20-8-LIMS,Passed,F-1-S10,S10
LIMS-798,LIMS-A264-WO-BPO20-20-8-LIMS,Chemical Analysis,95,BPO20-20-8,WO-BPO20-20-8-LIMS,Passed,F-1-S10,S10
LIMS-799,LIMS-A265-WO-BPO20-20-9-LIMS,Physical Testing,92,BPO20-20-9,WO-BPO20-20-9-LIMS,Passed,F-1-S10,S10
LIMS-800,LIMS-A266-WO-BPO20-20-9-LIMS,Environmental Monitoring,96,BPO20-20-9,WO-BPO20-20-9-LIMS,Passed,F-1-S10,S10
LIMS-801,LIMS-A263-WO-BPO20-20-9-LIMS,Microbiological Testing,94,BPO20-20-9,WO-BPO20-20-9-LIMS,Passed,F-1-S10,S10
LIMS-802,LIMS-A265-WO-BPO20-20-10-LIMS,Physical Testing,98,BPO20-20-10,WO-BPO20-20-10-LIMS,Passed,F-1-S10,S10
LIMS-803,LIMS-A266-WO-BPO20-20-10-LIMS,Environmental Monitoring,94,BPO20-20-10,WO-BPO20-20-10-LIMS,Passed,F-1-S10,S10
LIMS-804,LIMS-A267-WO-BPO20-20-10-LIMS,Stability Testing,94,BPO20-20-10,WO-BPO20-20-10-LIMS,Passed,F-1-S10,S10
LIMS-805,LIMS-A265-WO-BPO20-20-11-LIMS,Physical Testing,91,BPO20-20-11,WO-BPO20-20-11-LIMS,Passed,F-1-S10,S10
LIMS-806,LIMS-A264-WO-BPO20-20-11-LIMS,Chemical Analysis,97,BPO20-20-11,WO-BPO20-20-11-LIMS,Passed,F-1-S10,S10
LIMS-807,LIMS-A263-WO-BPO20-20-11-LIMS,Microbiological Testing,100,BPO20-20-11,WO-BPO20-20-11-LIMS,Passed,F-1-S10,S10
