id,name,Test,Result,AssetID,WOID,Status,FacilityID,SiteID
LIMS-1,LIMS-A34-WO-BPO1-1-1-LIMS,Microbiological Testing,85,A34,WO-BPO1-1-1-LIMS,InProgress,F-1-S2,S2
LIMS-2,LIMS-A37-WO-BPO1-1-1-LIMS,Environmental Monitoring,100,A37,WO-BPO1-1-1-LIMS,Passed,F-1-S2,S2
LIMS-3,LIMS-A35-WO-BPO1-1-1-LIMS,Chemical Analysis,97,A35,WO-BPO1-1-1-LIMS,Passed,F-1-S2,S2
LIMS-4,LIMS-A38-WO-BPO1-1-2-LIMS,Stability Testing,93,A38,WO-BPO1-1-2-LIMS,Passed,F-1-S2,S2
LIMS-5,LIMS-A35-WO-BPO1-1-2-LIMS,Chemical Analysis,97,A35,WO-BPO1-1-2-LIMS,Passed,F-1-S2,S2
LIMS-6,LIMS-A36-WO-BPO1-1-2-LIMS,Physical Testing,65,A36,WO-BPO1-1-2-LIMS,Failed,F-1-S2,S2
LIMS-7,LIMS-A36-WO-BPO1-1-3-LIMS,Physical Testing,97,A36,WO-BPO1-1-3-LIMS,Passed,F-1-S2,S2
LIMS-8,LIMS-A37-WO-BPO1-1-3-LIMS,Environmental Monitoring,91,A37,WO-BPO1-1-3-LIMS,Passed,F-1-S2,S2
LIMS-9,LIMS-A34-WO-BPO1-1-3-LIMS,Microbiological Testing,100,A34,WO-BPO1-1-3-LIMS,Passed,F-1-S2,S2
LIMS-10,LIMS-A37-WO-BPO1-1-4-LIMS,Environmental Monitoring,97,A37,WO-BPO1-1-4-LIMS,Passed,F-1-S2,S2
LIMS-11,LIMS-A36-WO-BPO1-1-4-LIMS,Physical Testing,94,A36,WO-BPO1-1-4-LIMS,Passed,F-1-S2,S2
LIMS-12,LIMS-A34-WO-BPO1-1-4-LIMS,Microbiological Testing,81,A34,WO-BPO1-1-4-LIMS,InProgress,F-1-S2,S2
LIMS-13,LIMS-A34-WO-BPO1-1-5-LIMS,Microbiological Testing,95,A34,WO-BPO1-1-5-LIMS,Passed,F-1-S2,S2
LIMS-14,LIMS-A37-WO-BPO1-1-5-LIMS,Environmental Monitoring,94,A37,WO-BPO1-1-5-LIMS,Passed,F-1-S2,S2
LIMS-15,LIMS-A35-WO-BPO1-1-5-LIMS,Chemical Analysis,99,A35,WO-BPO1-1-5-LIMS,Passed,F-1-S2,S2
LIMS-16,LIMS-A34-WO-BPO1-1-6-LIMS,Microbiological Testing,98,A34,WO-BPO1-1-6-LIMS,Passed,F-1-S2,S2
LIMS-17,LIMS-A36-WO-BPO1-1-6-LIMS,Physical Testing,94,A36,WO-BPO1-1-6-LIMS,Passed,F-1-S2,S2
LIMS-18,LIMS-A38-WO-BPO1-1-6-LIMS,Stability Testing,99,A38,WO-BPO1-1-6-LIMS,Passed,F-1-S2,S2
LIMS-19,LIMS-A34-WO-BPO1-1-7-LIMS,Microbiological Testing,100,A34,WO-BPO1-1-7-LIMS,Passed,F-1-S2,S2
LIMS-20,LIMS-A38-WO-BPO1-1-7-LIMS,Stability Testing,94,A38,WO-BPO1-1-7-LIMS,Passed,F-1-S2,S2
LIMS-21,LIMS-A35-WO-BPO1-1-7-LIMS,Chemical Analysis,93,A35,WO-BPO1-1-7-LIMS,Passed,F-1-S2,S2
LIMS-22,LIMS-A38-WO-BPO1-1-8-LIMS,Stability Testing,91,A38,WO-BPO1-1-8-LIMS,Passed,F-1-S2,S2
LIMS-23,LIMS-A36-WO-BPO1-1-8-LIMS,Physical Testing,99,A36,WO-BPO1-1-8-LIMS,Passed,F-1-S2,S2
LIMS-24,LIMS-A34-WO-BPO1-1-8-LIMS,Microbiological Testing,92,A34,WO-BPO1-1-8-LIMS,Passed,F-1-S2,S2
LIMS-25,LIMS-A34-WO-BPO1-1-9-LIMS,Microbiological Testing,81,A34,WO-BPO1-1-9-LIMS,InProgress,F-1-S2,S2
LIMS-26,LIMS-A36-WO-BPO1-1-9-LIMS,Physical Testing,94,A36,WO-BPO1-1-9-LIMS,Passed,F-1-S2,S2
LIMS-27,LIMS-A37-WO-BPO1-1-9-LIMS,Environmental Monitoring,97,A37,WO-BPO1-1-9-LIMS,Passed,F-1-S2,S2
LIMS-28,LIMS-A34-WO-BPO2-2-1-LIMS,Microbiological Testing,92,A34,WO-BPO2-2-1-LIMS,Passed,F-1-S2,S2
LIMS-29,LIMS-A35-WO-BPO2-2-1-LIMS,Chemical Analysis,93,A35,WO-BPO2-2-1-LIMS,Passed,F-1-S2,S2
LIMS-30,LIMS-A38-WO-BPO2-2-1-LIMS,Stability Testing,96,A38,WO-BPO2-2-1-LIMS,Passed,F-1-S2,S2
LIMS-31,LIMS-A34-WO-BPO2-2-2-LIMS,Microbiological Testing,99,A34,WO-BPO2-2-2-LIMS,Passed,F-1-S2,S2
LIMS-32,LIMS-A35-WO-BPO2-2-2-LIMS,Chemical Analysis,100,A35,WO-BPO2-2-2-LIMS,Passed,F-1-S2,S2
LIMS-33,LIMS-A37-WO-BPO2-2-2-LIMS,Environmental Monitoring,98,A37,WO-BPO2-2-2-LIMS,Passed,F-1-S2,S2
LIMS-34,LIMS-A36-WO-BPO2-2-3-LIMS,Physical Testing,65,A36,WO-BPO2-2-3-LIMS,Failed,F-1-S2,S2
LIMS-35,LIMS-A37-WO-BPO2-2-3-LIMS,Environmental Monitoring,100,A37,WO-BPO2-2-3-LIMS,Passed,F-1-S2,S2
LIMS-36,LIMS-A35-WO-BPO2-2-3-LIMS,Chemical Analysis,97,A35,WO-BPO2-2-3-LIMS,Passed,F-1-S2,S2
LIMS-37,LIMS-A37-WO-BPO2-2-4-LIMS,Environmental Monitoring,96,A37,WO-BPO2-2-4-LIMS,Passed,F-1-S2,S2
LIMS-38,LIMS-A34-WO-BPO2-2-4-LIMS,Microbiological Testing,84,A34,WO-BPO2-2-4-LIMS,InProgress,F-1-S2,S2
LIMS-39,LIMS-A35-WO-BPO2-2-4-LIMS,Chemical Analysis,93,A35,WO-BPO2-2-4-LIMS,Passed,F-1-S2,S2
LIMS-40,LIMS-A37-WO-BPO2-2-5-LIMS,Environmental Monitoring,98,A37,WO-BPO2-2-5-LIMS,Passed,F-1-S2,S2
LIMS-41,LIMS-A34-WO-BPO2-2-5-LIMS,Microbiological Testing,99,A34,WO-BPO2-2-5-LIMS,Passed,F-1-S2,S2
LIMS-42,LIMS-A38-WO-BPO2-2-5-LIMS,Stability Testing,99,A38,WO-BPO2-2-5-LIMS,Passed,F-1-S2,S2
LIMS-43,LIMS-A34-WO-BPO2-2-6-LIMS,Microbiological Testing,85,A34,WO-BPO2-2-6-LIMS,InProgress,F-1-S2,S2
LIMS-44,LIMS-A35-WO-BPO2-2-6-LIMS,Chemical Analysis,98,A35,WO-BPO2-2-6-LIMS,Passed,F-1-S2,S2
LIMS-45,LIMS-A37-WO-BPO2-2-6-LIMS,Environmental Monitoring,99,A37,WO-BPO2-2-6-LIMS,Passed,F-1-S2,S2
LIMS-46,LIMS-A35-WO-BPO2-2-7-LIMS,Chemical Analysis,97,A35,WO-BPO2-2-7-LIMS,Passed,F-1-S2,S2
LIMS-47,LIMS-A38-WO-BPO2-2-7-LIMS,Stability Testing,92,A38,WO-BPO2-2-7-LIMS,Passed,F-1-S2,S2
LIMS-48,LIMS-A37-WO-BPO2-2-7-LIMS,Environmental Monitoring,99,A37,WO-BPO2-2-7-LIMS,Passed,F-1-S2,S2
LIMS-49,LIMS-A38-WO-BPO2-2-8-LIMS,Stability Testing,95,A38,WO-BPO2-2-8-LIMS,Passed,F-1-S2,S2
LIMS-50,LIMS-A34-WO-BPO2-2-8-LIMS,Microbiological Testing,100,A34,WO-BPO2-2-8-LIMS,Passed,F-1-S2,S2
LIMS-51,LIMS-A36-WO-BPO2-2-8-LIMS,Physical Testing,81,A36,WO-BPO2-2-8-LIMS,InProgress,F-1-S2,S2
LIMS-52,LIMS-A34-WO-BPO2-2-9-LIMS,Microbiological Testing,94,A34,WO-BPO2-2-9-LIMS,Passed,F-1-S2,S2
LIMS-53,LIMS-A38-WO-BPO2-2-9-LIMS,Stability Testing,93,A38,WO-BPO2-2-9-LIMS,Passed,F-1-S2,S2
LIMS-54,LIMS-A36-WO-BPO2-2-9-LIMS,Physical Testing,96,A36,WO-BPO2-2-9-LIMS,Passed,F-1-S2,S2
LIMS-55,LIMS-A35-WO-BPO2-2-10-LIMS,Chemical Analysis,94,A35,WO-BPO2-2-10-LIMS,Passed,F-1-S2,S2
LIMS-56,LIMS-A34-WO-BPO2-2-10-LIMS,Microbiological Testing,94,A34,WO-BPO2-2-10-LIMS,Passed,F-1-S2,S2
LIMS-57,LIMS-A38-WO-BPO2-2-10-LIMS,Stability Testing,96,A38,WO-BPO2-2-10-LIMS,Passed,F-1-S2,S2
LIMS-58,LIMS-A140-WO-BPO3-3-1-LIMS,Physical Testing,94,A140,WO-BPO3-3-1-LIMS,Passed,F-1-S7,S7
LIMS-59,LIMS-A139-WO-BPO3-3-1-LIMS,Chemical Analysis,92,A139,WO-BPO3-3-1-LIMS,Passed,F-1-S7,S7
LIMS-60,LIMS-A141-WO-BPO3-3-1-LIMS,Environmental Monitoring,91,A141,WO-BPO3-3-1-LIMS,Passed,F-1-S7,S7
LIMS-61,LIMS-A138-WO-BPO3-3-2-LIMS,Microbiological Testing,100,A138,WO-BPO3-3-2-LIMS,Passed,F-1-S7,S7
LIMS-62,LIMS-A139-WO-BPO3-3-2-LIMS,Chemical Analysis,98,A139,WO-BPO3-3-2-LIMS,Passed,F-1-S7,S7
LIMS-63,LIMS-A141-WO-BPO3-3-2-LIMS,Environmental Monitoring,87,A141,WO-BPO3-3-2-LIMS,InProgress,F-1-S7,S7
LIMS-64,LIMS-A141-WO-BPO3-3-3-LIMS,Environmental Monitoring,93,A141,WO-BPO3-3-3-LIMS,Passed,F-1-S7,S7
LIMS-65,LIMS-A142-WO-BPO3-3-3-LIMS,Stability Testing,100,A142,WO-BPO3-3-3-LIMS,Passed,F-1-S7,S7
LIMS-66,LIMS-A138-WO-BPO3-3-3-LIMS,Microbiological Testing,96,A138,WO-BPO3-3-3-LIMS,Passed,F-1-S7,S7
LIMS-67,LIMS-A139-WO-BPO3-3-4-LIMS,Chemical Analysis,94,A139,WO-BPO3-3-4-LIMS,Passed,F-1-S7,S7
LIMS-68,LIMS-A142-WO-BPO3-3-4-LIMS,Stability Testing,92,A142,WO-BPO3-3-4-LIMS,Passed,F-1-S7,S7
LIMS-69,LIMS-A138-WO-BPO3-3-4-LIMS,Microbiological Testing,94,A138,WO-BPO3-3-4-LIMS,Passed,F-1-S7,S7
LIMS-70,LIMS-A140-WO-BPO3-3-5-LIMS,Physical Testing,91,A140,WO-BPO3-3-5-LIMS,Passed,F-1-S7,S7
LIMS-71,LIMS-A139-WO-BPO3-3-5-LIMS,Chemical Analysis,93,A139,WO-BPO3-3-5-LIMS,Passed,F-1-S7,S7
LIMS-72,LIMS-A141-WO-BPO3-3-5-LIMS,Environmental Monitoring,91,A141,WO-BPO3-3-5-LIMS,Passed,F-1-S7,S7
LIMS-73,LIMS-A139-WO-BPO3-3-6-LIMS,Chemical Analysis,93,A139,WO-BPO3-3-6-LIMS,Passed,F-1-S7,S7
LIMS-74,LIMS-A141-WO-BPO3-3-6-LIMS,Environmental Monitoring,95,A141,WO-BPO3-3-6-LIMS,Passed,F-1-S7,S7
LIMS-75,LIMS-A138-WO-BPO3-3-6-LIMS,Microbiological Testing,86,A138,WO-BPO3-3-6-LIMS,InProgress,F-1-S7,S7
LIMS-76,LIMS-A138-WO-BPO3-3-7-LIMS,Microbiological Testing,96,A138,WO-BPO3-3-7-LIMS,Passed,F-1-S7,S7
LIMS-77,LIMS-A140-WO-BPO3-3-7-LIMS,Physical Testing,92,A140,WO-BPO3-3-7-LIMS,Passed,F-1-S7,S7
LIMS-78,LIMS-A139-WO-BPO3-3-7-LIMS,Chemical Analysis,99,A139,WO-BPO3-3-7-LIMS,Passed,F-1-S7,S7
LIMS-79,LIMS-A138-WO-BPO3-3-8-LIMS,Microbiological Testing,92,A138,WO-BPO3-3-8-LIMS,Passed,F-1-S7,S7
LIMS-80,LIMS-A139-WO-BPO3-3-8-LIMS,Chemical Analysis,94,A139,WO-BPO3-3-8-LIMS,Passed,F-1-S7,S7
LIMS-81,LIMS-A142-WO-BPO3-3-8-LIMS,Stability Testing,100,A142,WO-BPO3-3-8-LIMS,Passed,F-1-S7,S7
LIMS-82,LIMS-A142-WO-BPO3-3-9-LIMS,Stability Testing,94,A142,WO-BPO3-3-9-LIMS,Passed,F-1-S7,S7
LIMS-83,LIMS-A141-WO-BPO3-3-9-LIMS,Environmental Monitoring,92,A141,WO-BPO3-3-9-LIMS,Passed,F-1-S7,S7
LIMS-84,LIMS-A139-WO-BPO3-3-9-LIMS,Chemical Analysis,99,A139,WO-BPO3-3-9-LIMS,Passed,F-1-S7,S7
LIMS-85,LIMS-A138-WO-BPO3-3-10-LIMS,Microbiological Testing,74,A138,WO-BPO3-3-10-LIMS,Failed,F-1-S7,S7
LIMS-86,LIMS-A141-WO-BPO3-3-10-LIMS,Environmental Monitoring,97,A141,WO-BPO3-3-10-LIMS,Passed,F-1-S7,S7
LIMS-87,LIMS-A139-WO-BPO3-3-10-LIMS,Chemical Analysis,95,A139,WO-BPO3-3-10-LIMS,Passed,F-1-S7,S7
LIMS-88,LIMS-A139-WO-BPO3-3-11-LIMS,Chemical Analysis,99,A139,WO-BPO3-3-11-LIMS,Passed,F-1-S7,S7
LIMS-89,LIMS-A140-WO-BPO3-3-11-LIMS,Physical Testing,93,A140,WO-BPO3-3-11-LIMS,Passed,F-1-S7,S7
LIMS-90,LIMS-A141-WO-BPO3-3-11-LIMS,Environmental Monitoring,98,A141,WO-BPO3-3-11-LIMS,Passed,F-1-S7,S7
LIMS-91,LIMS-A140-WO-BPO3-3-12-LIMS,Physical Testing,97,A140,WO-BPO3-3-12-LIMS,Passed,F-1-S7,S7
LIMS-92,LIMS-A138-WO-BPO3-3-12-LIMS,Microbiological Testing,91,A138,WO-BPO3-3-12-LIMS,Passed,F-1-S7,S7
LIMS-93,LIMS-A142-WO-BPO3-3-12-LIMS,Stability Testing,100,A142,WO-BPO3-3-12-LIMS,Passed,F-1-S7,S7
LIMS-94,LIMS-A142-WO-BPO3-3-13-LIMS,Stability Testing,100,A142,WO-BPO3-3-13-LIMS,Passed,F-1-S7,S7
LIMS-95,LIMS-A140-WO-BPO3-3-13-LIMS,Physical Testing,98,A140,WO-BPO3-3-13-LIMS,Passed,F-1-S7,S7
LIMS-96,LIMS-A141-WO-BPO3-3-13-LIMS,Environmental Monitoring,92,A141,WO-BPO3-3-13-LIMS,Passed,F-1-S7,S7
LIMS-97,LIMS-A142-WO-BPO3-3-14-LIMS,Stability Testing,69,A142,WO-BPO3-3-14-LIMS,Failed,F-1-S7,S7
LIMS-98,LIMS-A138-WO-BPO3-3-14-LIMS,Microbiological Testing,95,A138,WO-BPO3-3-14-LIMS,Passed,F-1-S7,S7
LIMS-99,LIMS-A140-WO-BPO3-3-14-LIMS,Physical Testing,91,A140,WO-BPO3-3-14-LIMS,Passed,F-1-S7,S7
LIMS-100,LIMS-A142-WO-BPO3-3-15-LIMS,Stability Testing,95,A142,WO-BPO3-3-15-LIMS,Passed,F-1-S7,S7
LIMS-101,LIMS-A139-WO-BPO3-3-15-LIMS,Chemical Analysis,95,A139,WO-BPO3-3-15-LIMS,Passed,F-1-S7,S7
LIMS-102,LIMS-A138-WO-BPO3-3-15-LIMS,Microbiological Testing,99,A138,WO-BPO3-3-15-LIMS,Passed,F-1-S7,S7
LIMS-103,LIMS-A37-WO-BPO4-4-1-LIMS,Environmental Monitoring,97,A37,WO-BPO4-4-1-LIMS,Passed,F-1-S2,S2
LIMS-104,LIMS-A34-WO-BPO4-4-1-LIMS,Microbiological Testing,92,A34,WO-BPO4-4-1-LIMS,Passed,F-1-S2,S2
LIMS-105,LIMS-A35-WO-BPO4-4-1-LIMS,Chemical Analysis,92,A35,WO-BPO4-4-1-LIMS,Passed,F-1-S2,S2
LIMS-106,LIMS-A36-WO-BPO4-4-2-LIMS,Physical Testing,94,A36,WO-BPO4-4-2-LIMS,Passed,F-1-S2,S2
LIMS-107,LIMS-A38-WO-BPO4-4-2-LIMS,Stability Testing,96,A38,WO-BPO4-4-2-LIMS,Passed,F-1-S2,S2
LIMS-108,LIMS-A34-WO-BPO4-4-2-LIMS,Microbiological Testing,98,A34,WO-BPO4-4-2-LIMS,Passed,F-1-S2,S2
LIMS-109,LIMS-A36-WO-BPO4-4-3-LIMS,Physical Testing,94,A36,WO-BPO4-4-3-LIMS,Passed,F-1-S2,S2
LIMS-110,LIMS-A38-WO-BPO4-4-3-LIMS,Stability Testing,95,A38,WO-BPO4-4-3-LIMS,Passed,F-1-S2,S2
LIMS-111,LIMS-A34-WO-BPO4-4-3-LIMS,Microbiological Testing,96,A34,WO-BPO4-4-3-LIMS,Passed,F-1-S2,S2
LIMS-112,LIMS-A38-WO-BPO4-4-4-LIMS,Stability Testing,100,A38,WO-BPO4-4-4-LIMS,Passed,F-1-S2,S2
LIMS-113,LIMS-A37-WO-BPO4-4-4-LIMS,Environmental Monitoring,98,A37,WO-BPO4-4-4-LIMS,Passed,F-1-S2,S2
LIMS-114,LIMS-A35-WO-BPO4-4-4-LIMS,Chemical Analysis,91,A35,WO-BPO4-4-4-LIMS,Passed,F-1-S2,S2
LIMS-115,LIMS-A36-WO-BPO4-4-5-LIMS,Physical Testing,98,A36,WO-BPO4-4-5-LIMS,Passed,F-1-S2,S2
LIMS-116,LIMS-A38-WO-BPO4-4-5-LIMS,Stability Testing,97,A38,WO-BPO4-4-5-LIMS,Passed,F-1-S2,S2
LIMS-117,LIMS-A34-WO-BPO4-4-5-LIMS,Microbiological Testing,96,A34,WO-BPO4-4-5-LIMS,Passed,F-1-S2,S2
LIMS-118,LIMS-A38-WO-BPO4-4-6-LIMS,Stability Testing,98,A38,WO-BPO4-4-6-LIMS,Passed,F-1-S2,S2
LIMS-119,LIMS-A34-WO-BPO4-4-6-LIMS,Microbiological Testing,62,A34,WO-BPO4-4-6-LIMS,Failed,F-1-S2,S2
LIMS-120,LIMS-A36-WO-BPO4-4-6-LIMS,Physical Testing,99,A36,WO-BPO4-4-6-LIMS,Passed,F-1-S2,S2
LIMS-121,LIMS-A37-WO-BPO4-4-7-LIMS,Environmental Monitoring,91,A37,WO-BPO4-4-7-LIMS,Passed,F-1-S2,S2
LIMS-122,LIMS-A38-WO-BPO4-4-7-LIMS,Stability Testing,92,A38,WO-BPO4-4-7-LIMS,Passed,F-1-S2,S2
LIMS-123,LIMS-A35-WO-BPO4-4-7-LIMS,Chemical Analysis,96,A35,WO-BPO4-4-7-LIMS,Passed,F-1-S2,S2
LIMS-124,LIMS-A36-WO-BPO4-4-8-LIMS,Physical Testing,100,A36,WO-BPO4-4-8-LIMS,Passed,F-1-S2,S2
LIMS-125,LIMS-A38-WO-BPO4-4-8-LIMS,Stability Testing,91,A38,WO-BPO4-4-8-LIMS,Passed,F-1-S2,S2
LIMS-126,LIMS-A35-WO-BPO4-4-8-LIMS,Chemical Analysis,95,A35,WO-BPO4-4-8-LIMS,Passed,F-1-S2,S2
LIMS-127,LIMS-A34-WO-BPO4-4-9-LIMS,Microbiological Testing,88,A34,WO-BPO4-4-9-LIMS,InProgress,F-1-S2,S2
LIMS-128,LIMS-A36-WO-BPO4-4-9-LIMS,Physical Testing,97,A36,WO-BPO4-4-9-LIMS,Passed,F-1-S2,S2
LIMS-129,LIMS-A38-WO-BPO4-4-9-LIMS,Stability Testing,96,A38,WO-BPO4-4-9-LIMS,Passed,F-1-S2,S2
LIMS-130,LIMS-A34-WO-BPO4-4-10-LIMS,Microbiological Testing,93,A34,WO-BPO4-4-10-LIMS,Passed,F-1-S2,S2
LIMS-131,LIMS-A38-WO-BPO4-4-10-LIMS,Stability Testing,92,A38,WO-BPO4-4-10-LIMS,Passed,F-1-S2,S2
LIMS-132,LIMS-A35-WO-BPO4-4-10-LIMS,Chemical Analysis,94,A35,WO-BPO4-4-10-LIMS,Passed,F-1-S2,S2
LIMS-133,LIMS-A36-WO-BPO4-4-11-LIMS,Physical Testing,95,A36,WO-BPO4-4-11-LIMS,Passed,F-1-S2,S2
LIMS-134,LIMS-A34-WO-BPO4-4-11-LIMS,Microbiological Testing,93,A34,WO-BPO4-4-11-LIMS,Passed,F-1-S2,S2
LIMS-135,LIMS-A38-WO-BPO4-4-11-LIMS,Stability Testing,99,A38,WO-BPO4-4-11-LIMS,Passed,F-1-S2,S2
LIMS-136,LIMS-A35-WO-BPO4-4-12-LIMS,Chemical Analysis,97,A35,WO-BPO4-4-12-LIMS,Passed,F-1-S2,S2
LIMS-137,LIMS-A37-WO-BPO4-4-12-LIMS,Environmental Monitoring,92,A37,WO-BPO4-4-12-LIMS,Passed,F-1-S2,S2
LIMS-138,LIMS-A34-WO-BPO4-4-12-LIMS,Microbiological Testing,100,A34,WO-BPO4-4-12-LIMS,Passed,F-1-S2,S2
LIMS-139,LIMS-A37-WO-BPO4-4-13-LIMS,Environmental Monitoring,85,A37,WO-BPO4-4-13-LIMS,InProgress,F-1-S2,S2
LIMS-140,LIMS-A35-WO-BPO4-4-13-LIMS,Chemical Analysis,94,A35,WO-BPO4-4-13-LIMS,Passed,F-1-S2,S2
LIMS-141,LIMS-A38-WO-BPO4-4-13-LIMS,Stability Testing,97,A38,WO-BPO4-4-13-LIMS,Passed,F-1-S2,S2
LIMS-142,LIMS-A101-WO-BPO5-5-1-LIMS,Environmental Monitoring,96,A101,WO-BPO5-5-1-LIMS,Passed,F-1-S5,S5
LIMS-143,LIMS-A98-WO-BPO5-5-1-LIMS,Microbiological Testing,100,A98,WO-BPO5-5-1-LIMS,Passed,F-1-S5,S5
LIMS-144,LIMS-A99-WO-BPO5-5-1-LIMS,Chemical Analysis,98,A99,WO-BPO5-5-1-LIMS,Passed,F-1-S5,S5
LIMS-145,LIMS-A99-WO-BPO5-5-2-LIMS,Chemical Analysis,91,A99,WO-BPO5-5-2-LIMS,Passed,F-1-S5,S5
LIMS-146,LIMS-A100-WO-BPO5-5-2-LIMS,Physical Testing,95,A100,WO-BPO5-5-2-LIMS,Passed,F-1-S5,S5
LIMS-147,LIMS-A101-WO-BPO5-5-2-LIMS,Environmental Monitoring,94,A101,WO-BPO5-5-2-LIMS,Passed,F-1-S5,S5
LIMS-148,LIMS-A100-WO-BPO5-5-3-LIMS,Physical Testing,96,A100,WO-BPO5-5-3-LIMS,Passed,F-1-S5,S5
LIMS-149,LIMS-A99-WO-BPO5-5-3-LIMS,Chemical Analysis,89,A99,WO-BPO5-5-3-LIMS,InProgress,F-1-S5,S5
LIMS-150,LIMS-A102-WO-BPO5-5-3-LIMS,Stability Testing,95,A102,WO-BPO5-5-3-LIMS,Passed,F-1-S5,S5
LIMS-151,LIMS-A101-WO-BPO5-5-4-LIMS,Environmental Monitoring,94,A101,WO-BPO5-5-4-LIMS,Passed,F-1-S5,S5
LIMS-152,LIMS-A98-WO-BPO5-5-4-LIMS,Microbiological Testing,95,A98,WO-BPO5-5-4-LIMS,Passed,F-1-S5,S5
LIMS-153,LIMS-A102-WO-BPO5-5-4-LIMS,Stability Testing,96,A102,WO-BPO5-5-4-LIMS,Passed,F-1-S5,S5
LIMS-154,LIMS-A100-WO-BPO5-5-5-LIMS,Physical Testing,95,A100,WO-BPO5-5-5-LIMS,Passed,F-1-S5,S5
LIMS-155,LIMS-A101-WO-BPO5-5-5-LIMS,Environmental Monitoring,97,A101,WO-BPO5-5-5-LIMS,Passed,F-1-S5,S5
LIMS-156,LIMS-A102-WO-BPO5-5-5-LIMS,Stability Testing,94,A102,WO-BPO5-5-5-LIMS,Passed,F-1-S5,S5
LIMS-157,LIMS-A101-WO-BPO5-5-6-LIMS,Environmental Monitoring,98,A101,WO-BPO5-5-6-LIMS,Passed,F-1-S5,S5
LIMS-158,LIMS-A98-WO-BPO5-5-6-LIMS,Microbiological Testing,92,A98,WO-BPO5-5-6-LIMS,Passed,F-1-S5,S5
LIMS-159,LIMS-A100-WO-BPO5-5-6-LIMS,Physical Testing,91,A100,WO-BPO5-5-6-LIMS,Passed,F-1-S5,S5
LIMS-160,LIMS-A102-WO-BPO5-5-7-LIMS,Stability Testing,92,A102,WO-BPO5-5-7-LIMS,Passed,F-1-S5,S5
LIMS-161,LIMS-A100-WO-BPO5-5-7-LIMS,Physical Testing,96,A100,WO-BPO5-5-7-LIMS,Passed,F-1-S5,S5
LIMS-162,LIMS-A98-WO-BPO5-5-7-LIMS,Microbiological Testing,91,A98,WO-BPO5-5-7-LIMS,Passed,F-1-S5,S5
LIMS-163,LIMS-A98-WO-BPO5-5-8-LIMS,Microbiological Testing,99,A98,WO-BPO5-5-8-LIMS,Passed,F-1-S5,S5
LIMS-164,LIMS-A99-WO-BPO5-5-8-LIMS,Chemical Analysis,99,A99,WO-BPO5-5-8-LIMS,Passed,F-1-S5,S5
LIMS-165,LIMS-A102-WO-BPO5-5-8-LIMS,Stability Testing,92,A102,WO-BPO5-5-8-LIMS,Passed,F-1-S5,S5
LIMS-166,LIMS-A100-WO-BPO5-5-9-LIMS,Physical Testing,93,A100,WO-BPO5-5-9-LIMS,Passed,F-1-S5,S5
LIMS-167,LIMS-A99-WO-BPO5-5-9-LIMS,Chemical Analysis,94,A99,WO-BPO5-5-9-LIMS,Passed,F-1-S5,S5
LIMS-168,LIMS-A101-WO-BPO5-5-9-LIMS,Environmental Monitoring,77,A101,WO-BPO5-5-9-LIMS,Failed,F-1-S5,S5
LIMS-169,LIMS-A98-WO-BPO6-6-1-LIMS,Microbiological Testing,100,A98,WO-BPO6-6-1-LIMS,Passed,F-1-S5,S5
LIMS-170,LIMS-A102-WO-BPO6-6-1-LIMS,Stability Testing,100,A102,WO-BPO6-6-1-LIMS,Passed,F-1-S5,S5
LIMS-171,LIMS-A99-WO-BPO6-6-1-LIMS,Chemical Analysis,95,A99,WO-BPO6-6-1-LIMS,Passed,F-1-S5,S5
LIMS-172,LIMS-A101-WO-BPO6-6-2-LIMS,Environmental Monitoring,94,A101,WO-BPO6-6-2-LIMS,Passed,F-1-S5,S5
LIMS-173,LIMS-A99-WO-BPO6-6-2-LIMS,Chemical Analysis,98,A99,WO-BPO6-6-2-LIMS,Passed,F-1-S5,S5
LIMS-174,LIMS-A98-WO-BPO6-6-2-LIMS,Microbiological Testing,100,A98,WO-BPO6-6-2-LIMS,Passed,F-1-S5,S5
LIMS-175,LIMS-A100-WO-BPO6-6-3-LIMS,Physical Testing,87,A100,WO-BPO6-6-3-LIMS,InProgress,F-1-S5,S5
LIMS-176,LIMS-A102-WO-BPO6-6-3-LIMS,Stability Testing,92,A102,WO-BPO6-6-3-LIMS,Passed,F-1-S5,S5
LIMS-177,LIMS-A101-WO-BPO6-6-3-LIMS,Environmental Monitoring,62,A101,WO-BPO6-6-3-LIMS,Failed,F-1-S5,S5
LIMS-178,LIMS-A100-WO-BPO6-6-4-LIMS,Physical Testing,99,A100,WO-BPO6-6-4-LIMS,Passed,F-1-S5,S5
LIMS-179,LIMS-A99-WO-BPO6-6-4-LIMS,Chemical Analysis,95,A99,WO-BPO6-6-4-LIMS,Passed,F-1-S5,S5
LIMS-180,LIMS-A101-WO-BPO6-6-4-LIMS,Environmental Monitoring,91,A101,WO-BPO6-6-4-LIMS,Passed,F-1-S5,S5
LIMS-181,LIMS-A100-WO-BPO6-6-5-LIMS,Physical Testing,100,A100,WO-BPO6-6-5-LIMS,Passed,F-1-S5,S5
LIMS-182,LIMS-A99-WO-BPO6-6-5-LIMS,Chemical Analysis,93,A99,WO-BPO6-6-5-LIMS,Passed,F-1-S5,S5
LIMS-183,LIMS-A101-WO-BPO6-6-5-LIMS,Environmental Monitoring,97,A101,WO-BPO6-6-5-LIMS,Passed,F-1-S5,S5
LIMS-184,LIMS-A101-WO-BPO6-6-6-LIMS,Environmental Monitoring,98,A101,WO-BPO6-6-6-LIMS,Passed,F-1-S5,S5
LIMS-185,LIMS-A99-WO-BPO6-6-6-LIMS,Chemical Analysis,97,A99,WO-BPO6-6-6-LIMS,Passed,F-1-S5,S5
LIMS-186,LIMS-A100-WO-BPO6-6-6-LIMS,Physical Testing,97,A100,WO-BPO6-6-6-LIMS,Passed,F-1-S5,S5
LIMS-187,LIMS-A102-WO-BPO6-6-7-LIMS,Stability Testing,92,A102,WO-BPO6-6-7-LIMS,Passed,F-1-S5,S5
LIMS-188,LIMS-A98-WO-BPO6-6-7-LIMS,Microbiological Testing,100,A98,WO-BPO6-6-7-LIMS,Passed,F-1-S5,S5
LIMS-189,LIMS-A99-WO-BPO6-6-7-LIMS,Chemical Analysis,91,A99,WO-BPO6-6-7-LIMS,Passed,F-1-S5,S5
LIMS-190,LIMS-A100-WO-BPO6-6-8-LIMS,Physical Testing,97,A100,WO-BPO6-6-8-LIMS,Passed,F-1-S5,S5
LIMS-191,LIMS-A102-WO-BPO6-6-8-LIMS,Stability Testing,98,A102,WO-BPO6-6-8-LIMS,Passed,F-1-S5,S5
LIMS-192,LIMS-A98-WO-BPO6-6-8-LIMS,Microbiological Testing,100,A98,WO-BPO6-6-8-LIMS,Passed,F-1-S5,S5
LIMS-193,LIMS-A100-WO-BPO6-6-9-LIMS,Physical Testing,91,A100,WO-BPO6-6-9-LIMS,Passed,F-1-S5,S5
LIMS-194,LIMS-A99-WO-BPO6-6-9-LIMS,Chemical Analysis,98,A99,WO-BPO6-6-9-LIMS,Passed,F-1-S5,S5
LIMS-195,LIMS-A101-WO-BPO6-6-9-LIMS,Environmental Monitoring,97,A101,WO-BPO6-6-9-LIMS,Passed,F-1-S5,S5
LIMS-196,LIMS-A98-WO-BPO6-6-10-LIMS,Microbiological Testing,100,A98,WO-BPO6-6-10-LIMS,Passed,F-1-S5,S5
LIMS-197,LIMS-A101-WO-BPO6-6-10-LIMS,Environmental Monitoring,97,A101,WO-BPO6-6-10-LIMS,Passed,F-1-S5,S5
LIMS-198,LIMS-A102-WO-BPO6-6-10-LIMS,Stability Testing,93,A102,WO-BPO6-6-10-LIMS,Passed,F-1-S5,S5
LIMS-199,LIMS-A100-WO-BPO6-6-11-LIMS,Physical Testing,96,A100,WO-BPO6-6-11-LIMS,Passed,F-1-S5,S5
LIMS-200,LIMS-A101-WO-BPO6-6-11-LIMS,Environmental Monitoring,99,A101,WO-BPO6-6-11-LIMS,Passed,F-1-S5,S5
LIMS-201,LIMS-A98-WO-BPO6-6-11-LIMS,Microbiological Testing,92,A98,WO-BPO6-6-11-LIMS,Passed,F-1-S5,S5
LIMS-202,LIMS-A100-WO-BPO6-6-12-LIMS,Physical Testing,94,A100,WO-BPO6-6-12-LIMS,Passed,F-1-S5,S5
LIMS-203,LIMS-A99-WO-BPO6-6-12-LIMS,Chemical Analysis,100,A99,WO-BPO6-6-12-LIMS,Passed,F-1-S5,S5
LIMS-204,LIMS-A102-WO-BPO6-6-12-LIMS,Stability Testing,100,A102,WO-BPO6-6-12-LIMS,Passed,F-1-S5,S5
LIMS-205,LIMS-A102-WO-BPO6-6-13-LIMS,Stability Testing,91,A102,WO-BPO6-6-13-LIMS,Passed,F-1-S5,S5
LIMS-206,LIMS-A99-WO-BPO6-6-13-LIMS,Chemical Analysis,79,A99,WO-BPO6-6-13-LIMS,Failed,F-1-S5,S5
LIMS-207,LIMS-A100-WO-BPO6-6-13-LIMS,Physical Testing,89,A100,WO-BPO6-6-13-LIMS,InProgress,F-1-S5,S5
LIMS-208,LIMS-A34-WO-BPO7-7-1-LIMS,Microbiological Testing,96,A34,WO-BPO7-7-1-LIMS,Passed,F-1-S2,S2
LIMS-209,LIMS-A35-WO-BPO7-7-1-LIMS,Chemical Analysis,97,A35,WO-BPO7-7-1-LIMS,Passed,F-1-S2,S2
LIMS-210,LIMS-A37-WO-BPO7-7-1-LIMS,Environmental Monitoring,91,A37,WO-BPO7-7-1-LIMS,Passed,F-1-S2,S2
LIMS-211,LIMS-A35-WO-BPO7-7-2-LIMS,Chemical Analysis,96,A35,WO-BPO7-7-2-LIMS,Passed,F-1-S2,S2
LIMS-212,LIMS-A37-WO-BPO7-7-2-LIMS,Environmental Monitoring,98,A37,WO-BPO7-7-2-LIMS,Passed,F-1-S2,S2
LIMS-213,LIMS-A34-WO-BPO7-7-2-LIMS,Microbiological Testing,93,A34,WO-BPO7-7-2-LIMS,Passed,F-1-S2,S2
LIMS-214,LIMS-A36-WO-BPO7-7-3-LIMS,Physical Testing,84,A36,WO-BPO7-7-3-LIMS,InProgress,F-1-S2,S2
LIMS-215,LIMS-A34-WO-BPO7-7-3-LIMS,Microbiological Testing,91,A34,WO-BPO7-7-3-LIMS,Passed,F-1-S2,S2
LIMS-216,LIMS-A37-WO-BPO7-7-3-LIMS,Environmental Monitoring,92,A37,WO-BPO7-7-3-LIMS,Passed,F-1-S2,S2
LIMS-217,LIMS-A38-WO-BPO7-7-4-LIMS,Stability Testing,100,A38,WO-BPO7-7-4-LIMS,Passed,F-1-S2,S2
LIMS-218,LIMS-A35-WO-BPO7-7-4-LIMS,Chemical Analysis,91,A35,WO-BPO7-7-4-LIMS,Passed,F-1-S2,S2
LIMS-219,LIMS-A36-WO-BPO7-7-4-LIMS,Physical Testing,98,A36,WO-BPO7-7-4-LIMS,Passed,F-1-S2,S2
LIMS-220,LIMS-A34-WO-BPO7-7-5-LIMS,Microbiological Testing,95,A34,WO-BPO7-7-5-LIMS,Passed,F-1-S2,S2
LIMS-221,LIMS-A38-WO-BPO7-7-5-LIMS,Stability Testing,98,A38,WO-BPO7-7-5-LIMS,Passed,F-1-S2,S2
LIMS-222,LIMS-A36-WO-BPO7-7-5-LIMS,Physical Testing,88,A36,WO-BPO7-7-5-LIMS,InProgress,F-1-S2,S2
LIMS-223,LIMS-A35-WO-BPO7-7-6-LIMS,Chemical Analysis,99,A35,WO-BPO7-7-6-LIMS,Passed,F-1-S2,S2
LIMS-224,LIMS-A38-WO-BPO7-7-6-LIMS,Stability Testing,97,A38,WO-BPO7-7-6-LIMS,Passed,F-1-S2,S2
LIMS-225,LIMS-A34-WO-BPO7-7-6-LIMS,Microbiological Testing,92,A34,WO-BPO7-7-6-LIMS,Passed,F-1-S2,S2
LIMS-226,LIMS-A37-WO-BPO7-7-7-LIMS,Environmental Monitoring,100,A37,WO-BPO7-7-7-LIMS,Passed,F-1-S2,S2
LIMS-227,LIMS-A36-WO-BPO7-7-7-LIMS,Physical Testing,92,A36,WO-BPO7-7-7-LIMS,Passed,F-1-S2,S2
LIMS-228,LIMS-A34-WO-BPO7-7-7-LIMS,Microbiological Testing,98,A34,WO-BPO7-7-7-LIMS,Passed,F-1-S2,S2
LIMS-229,LIMS-A38-WO-BPO7-7-8-LIMS,Stability Testing,94,A38,WO-BPO7-7-8-LIMS,Passed,F-1-S2,S2
LIMS-230,LIMS-A37-WO-BPO7-7-8-LIMS,Environmental Monitoring,100,A37,WO-BPO7-7-8-LIMS,Passed,F-1-S2,S2
LIMS-231,LIMS-A34-WO-BPO7-7-8-LIMS,Microbiological Testing,96,A34,WO-BPO7-7-8-LIMS,Passed,F-1-S2,S2
LIMS-232,LIMS-A35-WO-BPO7-7-9-LIMS,Chemical Analysis,89,A35,WO-BPO7-7-9-LIMS,InProgress,F-1-S2,S2
LIMS-233,LIMS-A34-WO-BPO7-7-9-LIMS,Microbiological Testing,91,A34,WO-BPO7-7-9-LIMS,Passed,F-1-S2,S2
LIMS-234,LIMS-A36-WO-BPO7-7-9-LIMS,Physical Testing,99,A36,WO-BPO7-7-9-LIMS,Passed,F-1-S2,S2
LIMS-235,LIMS-A36-WO-BPO7-7-10-LIMS,Physical Testing,100,A36,WO-BPO7-7-10-LIMS,Passed,F-1-S2,S2
LIMS-236,LIMS-A34-WO-BPO7-7-10-LIMS,Microbiological Testing,81,A34,WO-BPO7-7-10-LIMS,InProgress,F-1-S2,S2
LIMS-237,LIMS-A35-WO-BPO7-7-10-LIMS,Chemical Analysis,96,A35,WO-BPO7-7-10-LIMS,Passed,F-1-S2,S2
LIMS-238,LIMS-A34-WO-BPO7-7-11-LIMS,Microbiological Testing,89,A34,WO-BPO7-7-11-LIMS,InProgress,F-1-S2,S2
LIMS-239,LIMS-A38-WO-BPO7-7-11-LIMS,Stability Testing,93,A38,WO-BPO7-7-11-LIMS,Passed,F-1-S2,S2
LIMS-240,LIMS-A35-WO-BPO7-7-11-LIMS,Chemical Analysis,94,A35,WO-BPO7-7-11-LIMS,Passed,F-1-S2,S2
LIMS-241,LIMS-A35-WO-BPO7-7-12-LIMS,Chemical Analysis,98,A35,WO-BPO7-7-12-LIMS,Passed,F-1-S2,S2
LIMS-242,LIMS-A38-WO-BPO7-7-12-LIMS,Stability Testing,93,A38,WO-BPO7-7-12-LIMS,Passed,F-1-S2,S2
LIMS-243,LIMS-A34-WO-BPO7-7-12-LIMS,Microbiological Testing,93,A34,WO-BPO7-7-12-LIMS,Passed,F-1-S2,S2
LIMS-244,LIMS-A38-WO-BPO7-7-13-LIMS,Stability Testing,92,A38,WO-BPO7-7-13-LIMS,Passed,F-1-S2,S2
LIMS-245,LIMS-A36-WO-BPO7-7-13-LIMS,Physical Testing,96,A36,WO-BPO7-7-13-LIMS,Passed,F-1-S2,S2
LIMS-246,LIMS-A34-WO-BPO7-7-13-LIMS,Microbiological Testing,94,A34,WO-BPO7-7-13-LIMS,Passed,F-1-S2,S2
LIMS-247,LIMS-A35-WO-BPO8-8-1-LIMS,Chemical Analysis,97,A35,WO-BPO8-8-1-LIMS,Passed,F-1-S2,S2
LIMS-248,LIMS-A38-WO-BPO8-8-1-LIMS,Stability Testing,98,A38,WO-BPO8-8-1-LIMS,Passed,F-1-S2,S2
LIMS-249,LIMS-A37-WO-BPO8-8-1-LIMS,Environmental Monitoring,92,A37,WO-BPO8-8-1-LIMS,Passed,F-1-S2,S2
LIMS-250,LIMS-A35-WO-BPO8-8-2-LIMS,Chemical Analysis,96,A35,WO-BPO8-8-2-LIMS,Passed,F-1-S2,S2
LIMS-251,LIMS-A36-WO-BPO8-8-2-LIMS,Physical Testing,96,A36,WO-BPO8-8-2-LIMS,Passed,F-1-S2,S2
LIMS-252,LIMS-A34-WO-BPO8-8-2-LIMS,Microbiological Testing,99,A34,WO-BPO8-8-2-LIMS,Passed,F-1-S2,S2
LIMS-253,LIMS-A35-WO-BPO8-8-3-LIMS,Chemical Analysis,81,A35,WO-BPO8-8-3-LIMS,InProgress,F-1-S2,S2
LIMS-254,LIMS-A38-WO-BPO8-8-3-LIMS,Stability Testing,95,A38,WO-BPO8-8-3-LIMS,Passed,F-1-S2,S2
LIMS-255,LIMS-A36-WO-BPO8-8-3-LIMS,Physical Testing,98,A36,WO-BPO8-8-3-LIMS,Passed,F-1-S2,S2
LIMS-256,LIMS-A34-WO-BPO8-8-4-LIMS,Microbiological Testing,94,A34,WO-BPO8-8-4-LIMS,Passed,F-1-S2,S2
LIMS-257,LIMS-A36-WO-BPO8-8-4-LIMS,Physical Testing,93,A36,WO-BPO8-8-4-LIMS,Passed,F-1-S2,S2
LIMS-258,LIMS-A37-WO-BPO8-8-4-LIMS,Environmental Monitoring,91,A37,WO-BPO8-8-4-LIMS,Passed,F-1-S2,S2
LIMS-259,LIMS-A37-WO-BPO8-8-5-LIMS,Environmental Monitoring,88,A37,WO-BPO8-8-5-LIMS,InProgress,F-1-S2,S2
LIMS-260,LIMS-A36-WO-BPO8-8-5-LIMS,Physical Testing,97,A36,WO-BPO8-8-5-LIMS,Passed,F-1-S2,S2
LIMS-261,LIMS-A35-WO-BPO8-8-5-LIMS,Chemical Analysis,100,A35,WO-BPO8-8-5-LIMS,Passed,F-1-S2,S2
LIMS-262,LIMS-A35-WO-BPO8-8-6-LIMS,Chemical Analysis,91,A35,WO-BPO8-8-6-LIMS,Passed,F-1-S2,S2
LIMS-263,LIMS-A37-WO-BPO8-8-6-LIMS,Environmental Monitoring,97,A37,WO-BPO8-8-6-LIMS,Passed,F-1-S2,S2
LIMS-264,LIMS-A38-WO-BPO8-8-6-LIMS,Stability Testing,94,A38,WO-BPO8-8-6-LIMS,Passed,F-1-S2,S2
LIMS-265,LIMS-A34-WO-BPO8-8-7-LIMS,Microbiological Testing,98,A34,WO-BPO8-8-7-LIMS,Passed,F-1-S2,S2
LIMS-266,LIMS-A36-WO-BPO8-8-7-LIMS,Physical Testing,96,A36,WO-BPO8-8-7-LIMS,Passed,F-1-S2,S2
LIMS-267,LIMS-A38-WO-BPO8-8-7-LIMS,Stability Testing,87,A38,WO-BPO8-8-7-LIMS,InProgress,F-1-S2,S2
LIMS-268,LIMS-A36-WO-BPO8-8-8-LIMS,Physical Testing,92,A36,WO-BPO8-8-8-LIMS,Passed,F-1-S2,S2
LIMS-269,LIMS-A37-WO-BPO8-8-8-LIMS,Environmental Monitoring,91,A37,WO-BPO8-8-8-LIMS,Passed,F-1-S2,S2
LIMS-270,LIMS-A34-WO-BPO8-8-8-LIMS,Microbiological Testing,99,A34,WO-BPO8-8-8-LIMS,Passed,F-1-S2,S2
LIMS-271,LIMS-A36-WO-BPO8-8-9-LIMS,Physical Testing,95,A36,WO-BPO8-8-9-LIMS,Passed,F-1-S2,S2
LIMS-272,LIMS-A34-WO-BPO8-8-9-LIMS,Microbiological Testing,95,A34,WO-BPO8-8-9-LIMS,Passed,F-1-S2,S2
LIMS-273,LIMS-A38-WO-BPO8-8-9-LIMS,Stability Testing,96,A38,WO-BPO8-8-9-LIMS,Passed,F-1-S2,S2
LIMS-274,LIMS-A36-WO-BPO8-8-10-LIMS,Physical Testing,94,A36,WO-BPO8-8-10-LIMS,Passed,F-1-S2,S2
LIMS-275,LIMS-A38-WO-BPO8-8-10-LIMS,Stability Testing,100,A38,WO-BPO8-8-10-LIMS,Passed,F-1-S2,S2
LIMS-276,LIMS-A34-WO-BPO8-8-10-LIMS,Microbiological Testing,100,A34,WO-BPO8-8-10-LIMS,Passed,F-1-S2,S2
LIMS-277,LIMS-A35-WO-BPO8-8-11-LIMS,Chemical Analysis,92,A35,WO-BPO8-8-11-LIMS,Passed,F-1-S2,S2
LIMS-278,LIMS-A37-WO-BPO8-8-11-LIMS,Environmental Monitoring,94,A37,WO-BPO8-8-11-LIMS,Passed,F-1-S2,S2
LIMS-279,LIMS-A38-WO-BPO8-8-11-LIMS,Stability Testing,91,A38,WO-BPO8-8-11-LIMS,Passed,F-1-S2,S2
LIMS-280,LIMS-A99-WO-BPO9-9-1-LIMS,Chemical Analysis,98,A99,WO-BPO9-9-1-LIMS,Passed,F-1-S5,S5
LIMS-281,LIMS-A98-WO-BPO9-9-1-LIMS,Microbiological Testing,100,A98,WO-BPO9-9-1-LIMS,Passed,F-1-S5,S5
LIMS-282,LIMS-A102-WO-BPO9-9-1-LIMS,Stability Testing,97,A102,WO-BPO9-9-1-LIMS,Passed,F-1-S5,S5
LIMS-283,LIMS-A102-WO-BPO9-9-2-LIMS,Stability Testing,82,A102,WO-BPO9-9-2-LIMS,InProgress,F-1-S5,S5
LIMS-284,LIMS-A100-WO-BPO9-9-2-LIMS,Physical Testing,85,A100,WO-BPO9-9-2-LIMS,InProgress,F-1-S5,S5
LIMS-285,LIMS-A99-WO-BPO9-9-2-LIMS,Chemical Analysis,96,A99,WO-BPO9-9-2-LIMS,Passed,F-1-S5,S5
LIMS-286,LIMS-A102-WO-BPO9-9-3-LIMS,Stability Testing,92,A102,WO-BPO9-9-3-LIMS,Passed,F-1-S5,S5
LIMS-287,LIMS-A101-WO-BPO9-9-3-LIMS,Environmental Monitoring,98,A101,WO-BPO9-9-3-LIMS,Passed,F-1-S5,S5
LIMS-288,LIMS-A100-WO-BPO9-9-3-LIMS,Physical Testing,96,A100,WO-BPO9-9-3-LIMS,Passed,F-1-S5,S5
LIMS-289,LIMS-A99-WO-BPO9-9-4-LIMS,Chemical Analysis,94,A99,WO-BPO9-9-4-LIMS,Passed,F-1-S5,S5
LIMS-290,LIMS-A102-WO-BPO9-9-4-LIMS,Stability Testing,93,A102,WO-BPO9-9-4-LIMS,Passed,F-1-S5,S5
LIMS-291,LIMS-A100-WO-BPO9-9-4-LIMS,Physical Testing,91,A100,WO-BPO9-9-4-LIMS,Passed,F-1-S5,S5
LIMS-292,LIMS-A100-WO-BPO9-9-5-LIMS,Physical Testing,98,A100,WO-BPO9-9-5-LIMS,Passed,F-1-S5,S5
LIMS-293,LIMS-A102-WO-BPO9-9-5-LIMS,Stability Testing,96,A102,WO-BPO9-9-5-LIMS,Passed,F-1-S5,S5
LIMS-294,LIMS-A99-WO-BPO9-9-5-LIMS,Chemical Analysis,96,A99,WO-BPO9-9-5-LIMS,Passed,F-1-S5,S5
LIMS-295,LIMS-A101-WO-BPO9-9-6-LIMS,Environmental Monitoring,99,A101,WO-BPO9-9-6-LIMS,Passed,F-1-S5,S5
LIMS-296,LIMS-A99-WO-BPO9-9-6-LIMS,Chemical Analysis,94,A99,WO-BPO9-9-6-LIMS,Passed,F-1-S5,S5
LIMS-297,LIMS-A102-WO-BPO9-9-6-LIMS,Stability Testing,97,A102,WO-BPO9-9-6-LIMS,Passed,F-1-S5,S5
LIMS-298,LIMS-A99-WO-BPO9-9-7-LIMS,Chemical Analysis,79,A99,WO-BPO9-9-7-LIMS,Failed,F-1-S5,S5
LIMS-299,LIMS-A98-WO-BPO9-9-7-LIMS,Microbiological Testing,87,A98,WO-BPO9-9-7-LIMS,InProgress,F-1-S5,S5
LIMS-300,LIMS-A100-WO-BPO9-9-7-LIMS,Physical Testing,93,A100,WO-BPO9-9-7-LIMS,Passed,F-1-S5,S5
LIMS-301,LIMS-A100-WO-BPO9-9-8-LIMS,Physical Testing,97,A100,WO-BPO9-9-8-LIMS,Passed,F-1-S5,S5
LIMS-302,LIMS-A102-WO-BPO9-9-8-LIMS,Stability Testing,100,A102,WO-BPO9-9-8-LIMS,Passed,F-1-S5,S5
LIMS-303,LIMS-A101-WO-BPO9-9-8-LIMS,Environmental Monitoring,91,A101,WO-BPO9-9-8-LIMS,Passed,F-1-S5,S5
LIMS-304,LIMS-A102-WO-BPO9-9-9-LIMS,Stability Testing,91,A102,WO-BPO9-9-9-LIMS,Passed,F-1-S5,S5
LIMS-305,LIMS-A98-WO-BPO9-9-9-LIMS,Microbiological Testing,68,A98,WO-BPO9-9-9-LIMS,Failed,F-1-S5,S5
LIMS-306,LIMS-A100-WO-BPO9-9-9-LIMS,Physical Testing,96,A100,WO-BPO9-9-9-LIMS,Passed,F-1-S5,S5
LIMS-307,LIMS-A101-WO-BPO9-9-10-LIMS,Environmental Monitoring,97,A101,WO-BPO9-9-10-LIMS,Passed,F-1-S5,S5
LIMS-308,LIMS-A102-WO-BPO9-9-10-LIMS,Stability Testing,93,A102,WO-BPO9-9-10-LIMS,Passed,F-1-S5,S5
LIMS-309,LIMS-A98-WO-BPO9-9-10-LIMS,Microbiological Testing,92,A98,WO-BPO9-9-10-LIMS,Passed,F-1-S5,S5
LIMS-310,LIMS-A101-WO-BPO9-9-11-LIMS,Environmental Monitoring,98,A101,WO-BPO9-9-11-LIMS,Passed,F-1-S5,S5
LIMS-311,LIMS-A100-WO-BPO9-9-11-LIMS,Physical Testing,98,A100,WO-BPO9-9-11-LIMS,Passed,F-1-S5,S5
LIMS-312,LIMS-A98-WO-BPO9-9-11-LIMS,Microbiological Testing,100,A98,WO-BPO9-9-11-LIMS,Passed,F-1-S5,S5
LIMS-313,LIMS-A98-WO-BPO9-9-12-LIMS,Microbiological Testing,91,A98,WO-BPO9-9-12-LIMS,Passed,F-1-S5,S5
LIMS-314,LIMS-A100-WO-BPO9-9-12-LIMS,Physical Testing,91,A100,WO-BPO9-9-12-LIMS,Passed,F-1-S5,S5
LIMS-315,LIMS-A101-WO-BPO9-9-12-LIMS,Environmental Monitoring,100,A101,WO-BPO9-9-12-LIMS,Passed,F-1-S5,S5
LIMS-316,LIMS-A100-WO-BPO9-9-13-LIMS,Physical Testing,97,A100,WO-BPO9-9-13-LIMS,Passed,F-1-S5,S5
LIMS-317,LIMS-A98-WO-BPO9-9-13-LIMS,Microbiological Testing,91,A98,WO-BPO9-9-13-LIMS,Passed,F-1-S5,S5
LIMS-318,LIMS-A101-WO-BPO9-9-13-LIMS,Environmental Monitoring,96,A101,WO-BPO9-9-13-LIMS,Passed,F-1-S5,S5
LIMS-319,LIMS-A100-WO-BPO9-9-14-LIMS,Physical Testing,98,A100,WO-BPO9-9-14-LIMS,Passed,F-1-S5,S5
LIMS-320,LIMS-A102-WO-BPO9-9-14-LIMS,Stability Testing,98,A102,WO-BPO9-9-14-LIMS,Passed,F-1-S5,S5
LIMS-321,LIMS-A99-WO-BPO9-9-14-LIMS,Chemical Analysis,100,A99,WO-BPO9-9-14-LIMS,Passed,F-1-S5,S5
LIMS-322,LIMS-A140-WO-BPO10-10-1-LIMS,Physical Testing,98,A140,WO-BPO10-10-1-LIMS,Passed,F-1-S7,S7
LIMS-323,LIMS-A141-WO-BPO10-10-1-LIMS,Environmental Monitoring,96,A141,WO-BPO10-10-1-LIMS,Passed,F-1-S7,S7
LIMS-324,LIMS-A142-WO-BPO10-10-1-LIMS,Stability Testing,100,A142,WO-BPO10-10-1-LIMS,Passed,F-1-S7,S7
LIMS-325,LIMS-A142-WO-BPO10-10-2-LIMS,Stability Testing,94,A142,WO-BPO10-10-2-LIMS,Passed,F-1-S7,S7
LIMS-326,LIMS-A141-WO-BPO10-10-2-LIMS,Environmental Monitoring,95,A141,WO-BPO10-10-2-LIMS,Passed,F-1-S7,S7
LIMS-327,LIMS-A138-WO-BPO10-10-2-LIMS,Microbiological Testing,91,A138,WO-BPO10-10-2-LIMS,Passed,F-1-S7,S7
LIMS-328,LIMS-A140-WO-BPO10-10-3-LIMS,Physical Testing,94,A140,WO-BPO10-10-3-LIMS,Passed,F-1-S7,S7
LIMS-329,LIMS-A141-WO-BPO10-10-3-LIMS,Environmental Monitoring,95,A141,WO-BPO10-10-3-LIMS,Passed,F-1-S7,S7
LIMS-330,LIMS-A138-WO-BPO10-10-3-LIMS,Microbiological Testing,99,A138,WO-BPO10-10-3-LIMS,Passed,F-1-S7,S7
LIMS-331,LIMS-A142-WO-BPO10-10-4-LIMS,Stability Testing,92,A142,WO-BPO10-10-4-LIMS,Passed,F-1-S7,S7
LIMS-332,LIMS-A138-WO-BPO10-10-4-LIMS,Microbiological Testing,91,A138,WO-BPO10-10-4-LIMS,Passed,F-1-S7,S7
LIMS-333,LIMS-A141-WO-BPO10-10-4-LIMS,Environmental Monitoring,94,A141,WO-BPO10-10-4-LIMS,Passed,F-1-S7,S7
LIMS-334,LIMS-A138-WO-BPO10-10-5-LIMS,Microbiological Testing,100,A138,WO-BPO10-10-5-LIMS,Passed,F-1-S7,S7
LIMS-335,LIMS-A140-WO-BPO10-10-5-LIMS,Physical Testing,92,A140,WO-BPO10-10-5-LIMS,Passed,F-1-S7,S7
LIMS-336,LIMS-A142-WO-BPO10-10-5-LIMS,Stability Testing,100,A142,WO-BPO10-10-5-LIMS,Passed,F-1-S7,S7
LIMS-337,LIMS-A141-WO-BPO10-10-6-LIMS,Environmental Monitoring,96,A141,WO-BPO10-10-6-LIMS,Passed,F-1-S7,S7
LIMS-338,LIMS-A142-WO-BPO10-10-6-LIMS,Stability Testing,93,A142,WO-BPO10-10-6-LIMS,Passed,F-1-S7,S7
LIMS-339,LIMS-A138-WO-BPO10-10-6-LIMS,Microbiological Testing,92,A138,WO-BPO10-10-6-LIMS,Passed,F-1-S7,S7
LIMS-340,LIMS-A142-WO-BPO10-10-7-LIMS,Stability Testing,95,A142,WO-BPO10-10-7-LIMS,Passed,F-1-S7,S7
LIMS-341,LIMS-A141-WO-BPO10-10-7-LIMS,Environmental Monitoring,93,A141,WO-BPO10-10-7-LIMS,Passed,F-1-S7,S7
LIMS-342,LIMS-A139-WO-BPO10-10-7-LIMS,Chemical Analysis,98,A139,WO-BPO10-10-7-LIMS,Passed,F-1-S7,S7
LIMS-343,LIMS-A141-WO-BPO10-10-8-LIMS,Environmental Monitoring,97,A141,WO-BPO10-10-8-LIMS,Passed,F-1-S7,S7
LIMS-344,LIMS-A138-WO-BPO10-10-8-LIMS,Microbiological Testing,93,A138,WO-BPO10-10-8-LIMS,Passed,F-1-S7,S7
LIMS-345,LIMS-A139-WO-BPO10-10-8-LIMS,Chemical Analysis,94,A139,WO-BPO10-10-8-LIMS,Passed,F-1-S7,S7
LIMS-346,LIMS-A141-WO-BPO10-10-9-LIMS,Environmental Monitoring,97,A141,WO-BPO10-10-9-LIMS,Passed,F-1-S7,S7
LIMS-347,LIMS-A142-WO-BPO10-10-9-LIMS,Stability Testing,92,A142,WO-BPO10-10-9-LIMS,Passed,F-1-S7,S7
LIMS-348,LIMS-A138-WO-BPO10-10-9-LIMS,Microbiological Testing,98,A138,WO-BPO10-10-9-LIMS,Passed,F-1-S7,S7
LIMS-349,LIMS-A141-WO-BPO10-10-10-LIMS,Environmental Monitoring,97,A141,WO-BPO10-10-10-LIMS,Passed,F-1-S7,S7
LIMS-350,LIMS-A138-WO-BPO10-10-10-LIMS,Microbiological Testing,95,A138,WO-BPO10-10-10-LIMS,Passed,F-1-S7,S7
LIMS-351,LIMS-A142-WO-BPO10-10-10-LIMS,Stability Testing,96,A142,WO-BPO10-10-10-LIMS,Passed,F-1-S7,S7
LIMS-352,LIMS-A139-WO-BPO10-10-11-LIMS,Chemical Analysis,67,A139,WO-BPO10-10-11-LIMS,Failed,F-1-S7,S7
LIMS-353,LIMS-A142-WO-BPO10-10-11-LIMS,Stability Testing,92,A142,WO-BPO10-10-11-LIMS,Passed,F-1-S7,S7
LIMS-354,LIMS-A140-WO-BPO10-10-11-LIMS,Physical Testing,99,A140,WO-BPO10-10-11-LIMS,Passed,F-1-S7,S7
LIMS-355,LIMS-A140-WO-BPO10-10-12-LIMS,Physical Testing,97,A140,WO-BPO10-10-12-LIMS,Passed,F-1-S7,S7
LIMS-356,LIMS-A138-WO-BPO10-10-12-LIMS,Microbiological Testing,61,A138,WO-BPO10-10-12-LIMS,Failed,F-1-S7,S7
LIMS-357,LIMS-A142-WO-BPO10-10-12-LIMS,Stability Testing,92,A142,WO-BPO10-10-12-LIMS,Passed,F-1-S7,S7
LIMS-358,LIMS-A138-WO-BPO10-10-13-LIMS,Microbiological Testing,81,A138,WO-BPO10-10-13-LIMS,InProgress,F-1-S7,S7
LIMS-359,LIMS-A141-WO-BPO10-10-13-LIMS,Environmental Monitoring,100,A141,WO-BPO10-10-13-LIMS,Passed,F-1-S7,S7
LIMS-360,LIMS-A140-WO-BPO10-10-13-LIMS,Physical Testing,87,A140,WO-BPO10-10-13-LIMS,InProgress,F-1-S7,S7
LIMS-361,LIMS-A140-WO-BPO10-10-14-LIMS,Physical Testing,100,A140,WO-BPO10-10-14-LIMS,Passed,F-1-S7,S7
LIMS-362,LIMS-A139-WO-BPO10-10-14-LIMS,Chemical Analysis,98,A139,WO-BPO10-10-14-LIMS,Passed,F-1-S7,S7
LIMS-363,LIMS-A138-WO-BPO10-10-14-LIMS,Microbiological Testing,98,A138,WO-BPO10-10-14-LIMS,Passed,F-1-S7,S7
LIMS-364,LIMS-A141-WO-BPO10-10-15-LIMS,Environmental Monitoring,93,A141,WO-BPO10-10-15-LIMS,Passed,F-1-S7,S7
LIMS-365,LIMS-A139-WO-BPO10-10-15-LIMS,Chemical Analysis,95,A139,WO-BPO10-10-15-LIMS,Passed,F-1-S7,S7
LIMS-366,LIMS-A140-WO-BPO10-10-15-LIMS,Physical Testing,100,A140,WO-BPO10-10-15-LIMS,Passed,F-1-S7,S7
LIMS-367,LIMS-A139-WO-BPO10-10-16-LIMS,Chemical Analysis,91,A139,WO-BPO10-10-16-LIMS,Passed,F-1-S7,S7
LIMS-368,LIMS-A138-WO-BPO10-10-16-LIMS,Microbiological Testing,93,A138,WO-BPO10-10-16-LIMS,Passed,F-1-S7,S7
LIMS-369,LIMS-A140-WO-BPO10-10-16-LIMS,Physical Testing,99,A140,WO-BPO10-10-16-LIMS,Passed,F-1-S7,S7
LIMS-370,LIMS-A138-WO-BPO10-10-17-LIMS,Microbiological Testing,95,A138,WO-BPO10-10-17-LIMS,Passed,F-1-S7,S7
LIMS-371,LIMS-A141-WO-BPO10-10-17-LIMS,Environmental Monitoring,93,A141,WO-BPO10-10-17-LIMS,Passed,F-1-S7,S7
LIMS-372,LIMS-A139-WO-BPO10-10-17-LIMS,Chemical Analysis,100,A139,WO-BPO10-10-17-LIMS,Passed,F-1-S7,S7
LIMS-373,LIMS-A139-WO-BPO10-10-18-LIMS,Chemical Analysis,93,A139,WO-BPO10-10-18-LIMS,Passed,F-1-S7,S7
LIMS-374,LIMS-A142-WO-BPO10-10-18-LIMS,Stability Testing,96,A142,WO-BPO10-10-18-LIMS,Passed,F-1-S7,S7
LIMS-375,LIMS-A140-WO-BPO10-10-18-LIMS,Physical Testing,95,A140,WO-BPO10-10-18-LIMS,Passed,F-1-S7,S7
LIMS-376,LIMS-A139-WO-BPO11-11-1-LIMS,Chemical Analysis,99,A139,WO-BPO11-11-1-LIMS,Passed,F-1-S7,S7
LIMS-377,LIMS-A140-WO-BPO11-11-1-LIMS,Physical Testing,92,A140,WO-BPO11-11-1-LIMS,Passed,F-1-S7,S7
LIMS-378,LIMS-A142-WO-BPO11-11-1-LIMS,Stability Testing,97,A142,WO-BPO11-11-1-LIMS,Passed,F-1-S7,S7
LIMS-379,LIMS-A142-WO-BPO11-11-2-LIMS,Stability Testing,94,A142,WO-BPO11-11-2-LIMS,Passed,F-1-S7,S7
LIMS-380,LIMS-A141-WO-BPO11-11-2-LIMS,Environmental Monitoring,93,A141,WO-BPO11-11-2-LIMS,Passed,F-1-S7,S7
LIMS-381,LIMS-A138-WO-BPO11-11-2-LIMS,Microbiological Testing,85,A138,WO-BPO11-11-2-LIMS,InProgress,F-1-S7,S7
LIMS-382,LIMS-A139-WO-BPO11-11-3-LIMS,Chemical Analysis,95,A139,WO-BPO11-11-3-LIMS,Passed,F-1-S7,S7
LIMS-383,LIMS-A142-WO-BPO11-11-3-LIMS,Stability Testing,96,A142,WO-BPO11-11-3-LIMS,Passed,F-1-S7,S7
LIMS-384,LIMS-A140-WO-BPO11-11-3-LIMS,Physical Testing,91,A140,WO-BPO11-11-3-LIMS,Passed,F-1-S7,S7
LIMS-385,LIMS-A142-WO-BPO11-11-4-LIMS,Stability Testing,94,A142,WO-BPO11-11-4-LIMS,Passed,F-1-S7,S7
LIMS-386,LIMS-A138-WO-BPO11-11-4-LIMS,Microbiological Testing,91,A138,WO-BPO11-11-4-LIMS,Passed,F-1-S7,S7
LIMS-387,LIMS-A139-WO-BPO11-11-4-LIMS,Chemical Analysis,93,A139,WO-BPO11-11-4-LIMS,Passed,F-1-S7,S7
LIMS-388,LIMS-A140-WO-BPO11-11-5-LIMS,Physical Testing,81,A140,WO-BPO11-11-5-LIMS,InProgress,F-1-S7,S7
LIMS-389,LIMS-A138-WO-BPO11-11-5-LIMS,Microbiological Testing,92,A138,WO-BPO11-11-5-LIMS,Passed,F-1-S7,S7
LIMS-390,LIMS-A139-WO-BPO11-11-5-LIMS,Chemical Analysis,94,A139,WO-BPO11-11-5-LIMS,Passed,F-1-S7,S7
LIMS-391,LIMS-A139-WO-BPO11-11-6-LIMS,Chemical Analysis,97,A139,WO-BPO11-11-6-LIMS,Passed,F-1-S7,S7
LIMS-392,LIMS-A142-WO-BPO11-11-6-LIMS,Stability Testing,93,A142,WO-BPO11-11-6-LIMS,Passed,F-1-S7,S7
LIMS-393,LIMS-A141-WO-BPO11-11-6-LIMS,Environmental Monitoring,99,A141,WO-BPO11-11-6-LIMS,Passed,F-1-S7,S7
LIMS-394,LIMS-A140-WO-BPO11-11-7-LIMS,Physical Testing,95,A140,WO-BPO11-11-7-LIMS,Passed,F-1-S7,S7
LIMS-395,LIMS-A141-WO-BPO11-11-7-LIMS,Environmental Monitoring,98,A141,WO-BPO11-11-7-LIMS,Passed,F-1-S7,S7
LIMS-396,LIMS-A139-WO-BPO11-11-7-LIMS,Chemical Analysis,69,A139,WO-BPO11-11-7-LIMS,Failed,F-1-S7,S7
LIMS-397,LIMS-A139-WO-BPO11-11-8-LIMS,Chemical Analysis,95,A139,WO-BPO11-11-8-LIMS,Passed,F-1-S7,S7
LIMS-398,LIMS-A140-WO-BPO11-11-8-LIMS,Physical Testing,96,A140,WO-BPO11-11-8-LIMS,Passed,F-1-S7,S7
LIMS-399,LIMS-A138-WO-BPO11-11-8-LIMS,Microbiological Testing,98,A138,WO-BPO11-11-8-LIMS,Passed,F-1-S7,S7
LIMS-400,LIMS-A141-WO-BPO11-11-9-LIMS,Environmental Monitoring,95,A141,WO-BPO11-11-9-LIMS,Passed,F-1-S7,S7
LIMS-401,LIMS-A140-WO-BPO11-11-9-LIMS,Physical Testing,86,A140,WO-BPO11-11-9-LIMS,InProgress,F-1-S7,S7
LIMS-402,LIMS-A142-WO-BPO11-11-9-LIMS,Stability Testing,99,A142,WO-BPO11-11-9-LIMS,Passed,F-1-S7,S7
LIMS-403,LIMS-A139-WO-BPO11-11-10-LIMS,Chemical Analysis,95,A139,WO-BPO11-11-10-LIMS,Passed,F-1-S7,S7
LIMS-404,LIMS-A141-WO-BPO11-11-10-LIMS,Environmental Monitoring,89,A141,WO-BPO11-11-10-LIMS,InProgress,F-1-S7,S7
LIMS-405,LIMS-A138-WO-BPO11-11-10-LIMS,Microbiological Testing,97,A138,WO-BPO11-11-10-LIMS,Passed,F-1-S7,S7
LIMS-406,LIMS-A142-WO-BPO11-11-11-LIMS,Stability Testing,99,A142,WO-BPO11-11-11-LIMS,Passed,F-1-S7,S7
LIMS-407,LIMS-A138-WO-BPO11-11-11-LIMS,Microbiological Testing,95,A138,WO-BPO11-11-11-LIMS,Passed,F-1-S7,S7
LIMS-408,LIMS-A139-WO-BPO11-11-11-LIMS,Chemical Analysis,94,A139,WO-BPO11-11-11-LIMS,Passed,F-1-S7,S7
LIMS-409,LIMS-A140-WO-BPO11-11-12-LIMS,Physical Testing,91,A140,WO-BPO11-11-12-LIMS,Passed,F-1-S7,S7
LIMS-410,LIMS-A139-WO-BPO11-11-12-LIMS,Chemical Analysis,97,A139,WO-BPO11-11-12-LIMS,Passed,F-1-S7,S7
LIMS-411,LIMS-A138-WO-BPO11-11-12-LIMS,Microbiological Testing,99,A138,WO-BPO11-11-12-LIMS,Passed,F-1-S7,S7
LIMS-412,LIMS-A35-WO-BPO12-12-1-LIMS,Chemical Analysis,98,A35,WO-BPO12-12-1-LIMS,Passed,F-1-S2,S2
LIMS-413,LIMS-A36-WO-BPO12-12-1-LIMS,Physical Testing,68,A36,WO-BPO12-12-1-LIMS,Failed,F-1-S2,S2
LIMS-414,LIMS-A38-WO-BPO12-12-1-LIMS,Stability Testing,92,A38,WO-BPO12-12-1-LIMS,Passed,F-1-S2,S2
LIMS-415,LIMS-A37-WO-BPO12-12-2-LIMS,Environmental Monitoring,96,A37,WO-BPO12-12-2-LIMS,Passed,F-1-S2,S2
LIMS-416,LIMS-A34-WO-BPO12-12-2-LIMS,Microbiological Testing,94,A34,WO-BPO12-12-2-LIMS,Passed,F-1-S2,S2
LIMS-417,LIMS-A36-WO-BPO12-12-2-LIMS,Physical Testing,100,A36,WO-BPO12-12-2-LIMS,Passed,F-1-S2,S2
LIMS-418,LIMS-A34-WO-BPO12-12-3-LIMS,Microbiological Testing,97,A34,WO-BPO12-12-3-LIMS,Passed,F-1-S2,S2
LIMS-419,LIMS-A35-WO-BPO12-12-3-LIMS,Chemical Analysis,94,A35,WO-BPO12-12-3-LIMS,Passed,F-1-S2,S2
LIMS-420,LIMS-A38-WO-BPO12-12-3-LIMS,Stability Testing,100,A38,WO-BPO12-12-3-LIMS,Passed,F-1-S2,S2
LIMS-421,LIMS-A35-WO-BPO12-12-4-LIMS,Chemical Analysis,98,A35,WO-BPO12-12-4-LIMS,Passed,F-1-S2,S2
LIMS-422,LIMS-A37-WO-BPO12-12-4-LIMS,Environmental Monitoring,97,A37,WO-BPO12-12-4-LIMS,Passed,F-1-S2,S2
LIMS-423,LIMS-A34-WO-BPO12-12-4-LIMS,Microbiological Testing,92,A34,WO-BPO12-12-4-LIMS,Passed,F-1-S2,S2
LIMS-424,LIMS-A36-WO-BPO12-12-5-LIMS,Physical Testing,98,A36,WO-BPO12-12-5-LIMS,Passed,F-1-S2,S2
LIMS-425,LIMS-A38-WO-BPO12-12-5-LIMS,Stability Testing,91,A38,WO-BPO12-12-5-LIMS,Passed,F-1-S2,S2
LIMS-426,LIMS-A34-WO-BPO12-12-5-LIMS,Microbiological Testing,70,A34,WO-BPO12-12-5-LIMS,Failed,F-1-S2,S2
LIMS-427,LIMS-A35-WO-BPO12-12-6-LIMS,Chemical Analysis,93,A35,WO-BPO12-12-6-LIMS,Passed,F-1-S2,S2
LIMS-428,LIMS-A38-WO-BPO12-12-6-LIMS,Stability Testing,93,A38,WO-BPO12-12-6-LIMS,Passed,F-1-S2,S2
LIMS-429,LIMS-A36-WO-BPO12-12-6-LIMS,Physical Testing,92,A36,WO-BPO12-12-6-LIMS,Passed,F-1-S2,S2
LIMS-430,LIMS-A37-WO-BPO13-13-1-LIMS,Environmental Monitoring,94,A37,WO-BPO13-13-1-LIMS,Passed,F-1-S2,S2
LIMS-431,LIMS-A35-WO-BPO13-13-1-LIMS,Chemical Analysis,91,A35,WO-BPO13-13-1-LIMS,Passed,F-1-S2,S2
LIMS-432,LIMS-A38-WO-BPO13-13-1-LIMS,Stability Testing,95,A38,WO-BPO13-13-1-LIMS,Passed,F-1-S2,S2
LIMS-433,LIMS-A37-WO-BPO13-13-2-LIMS,Environmental Monitoring,97,A37,WO-BPO13-13-2-LIMS,Passed,F-1-S2,S2
LIMS-434,LIMS-A35-WO-BPO13-13-2-LIMS,Chemical Analysis,99,A35,WO-BPO13-13-2-LIMS,Passed,F-1-S2,S2
LIMS-435,LIMS-A36-WO-BPO13-13-2-LIMS,Physical Testing,98,A36,WO-BPO13-13-2-LIMS,Passed,F-1-S2,S2
LIMS-436,LIMS-A37-WO-BPO13-13-3-LIMS,Environmental Monitoring,95,A37,WO-BPO13-13-3-LIMS,Passed,F-1-S2,S2
LIMS-437,LIMS-A36-WO-BPO13-13-3-LIMS,Physical Testing,98,A36,WO-BPO13-13-3-LIMS,Passed,F-1-S2,S2
LIMS-438,LIMS-A34-WO-BPO13-13-3-LIMS,Microbiological Testing,81,A34,WO-BPO13-13-3-LIMS,InProgress,F-1-S2,S2
LIMS-439,LIMS-A37-WO-BPO13-13-4-LIMS,Environmental Monitoring,95,A37,WO-BPO13-13-4-LIMS,Passed,F-1-S2,S2
LIMS-440,LIMS-A34-WO-BPO13-13-4-LIMS,Microbiological Testing,96,A34,WO-BPO13-13-4-LIMS,Passed,F-1-S2,S2
LIMS-441,LIMS-A36-WO-BPO13-13-4-LIMS,Physical Testing,92,A36,WO-BPO13-13-4-LIMS,Passed,F-1-S2,S2
LIMS-442,LIMS-A34-WO-BPO13-13-5-LIMS,Microbiological Testing,100,A34,WO-BPO13-13-5-LIMS,Passed,F-1-S2,S2
LIMS-443,LIMS-A36-WO-BPO13-13-5-LIMS,Physical Testing,82,A36,WO-BPO13-13-5-LIMS,InProgress,F-1-S2,S2
LIMS-444,LIMS-A35-WO-BPO13-13-5-LIMS,Chemical Analysis,94,A35,WO-BPO13-13-5-LIMS,Passed,F-1-S2,S2
LIMS-445,LIMS-A38-WO-BPO13-13-6-LIMS,Stability Testing,95,A38,WO-BPO13-13-6-LIMS,Passed,F-1-S2,S2
LIMS-446,LIMS-A35-WO-BPO13-13-6-LIMS,Chemical Analysis,96,A35,WO-BPO13-13-6-LIMS,Passed,F-1-S2,S2
LIMS-447,LIMS-A36-WO-BPO13-13-6-LIMS,Physical Testing,99,A36,WO-BPO13-13-6-LIMS,Passed,F-1-S2,S2
LIMS-448,LIMS-A38-WO-BPO13-13-7-LIMS,Stability Testing,97,A38,WO-BPO13-13-7-LIMS,Passed,F-1-S2,S2
LIMS-449,LIMS-A35-WO-BPO13-13-7-LIMS,Chemical Analysis,97,A35,WO-BPO13-13-7-LIMS,Passed,F-1-S2,S2
LIMS-450,LIMS-A34-WO-BPO13-13-7-LIMS,Microbiological Testing,97,A34,WO-BPO13-13-7-LIMS,Passed,F-1-S2,S2
LIMS-451,LIMS-A38-WO-BPO13-13-8-LIMS,Stability Testing,84,A38,WO-BPO13-13-8-LIMS,InProgress,F-1-S2,S2
LIMS-452,LIMS-A36-WO-BPO13-13-8-LIMS,Physical Testing,93,A36,WO-BPO13-13-8-LIMS,Passed,F-1-S2,S2
LIMS-453,LIMS-A34-WO-BPO13-13-8-LIMS,Microbiological Testing,74,A34,WO-BPO13-13-8-LIMS,Failed,F-1-S2,S2
LIMS-454,LIMS-A34-WO-BPO13-13-9-LIMS,Microbiological Testing,82,A34,WO-BPO13-13-9-LIMS,InProgress,F-1-S2,S2
LIMS-455,LIMS-A37-WO-BPO13-13-9-LIMS,Environmental Monitoring,94,A37,WO-BPO13-13-9-LIMS,Passed,F-1-S2,S2
LIMS-456,LIMS-A35-WO-BPO13-13-9-LIMS,Chemical Analysis,78,A35,WO-BPO13-13-9-LIMS,Failed,F-1-S2,S2
LIMS-457,LIMS-A34-WO-BPO14-14-1-LIMS,Microbiological Testing,100,A34,WO-BPO14-14-1-LIMS,Passed,F-1-S2,S2
LIMS-458,LIMS-A38-WO-BPO14-14-1-LIMS,Stability Testing,94,A38,WO-BPO14-14-1-LIMS,Passed,F-1-S2,S2
LIMS-459,LIMS-A37-WO-BPO14-14-1-LIMS,Environmental Monitoring,95,A37,WO-BPO14-14-1-LIMS,Passed,F-1-S2,S2
LIMS-460,LIMS-A38-WO-BPO14-14-2-LIMS,Stability Testing,96,A38,WO-BPO14-14-2-LIMS,Passed,F-1-S2,S2
LIMS-461,LIMS-A37-WO-BPO14-14-2-LIMS,Environmental Monitoring,94,A37,WO-BPO14-14-2-LIMS,Passed,F-1-S2,S2
LIMS-462,LIMS-A36-WO-BPO14-14-2-LIMS,Physical Testing,92,A36,WO-BPO14-14-2-LIMS,Passed,F-1-S2,S2
LIMS-463,LIMS-A37-WO-BPO14-14-3-LIMS,Environmental Monitoring,98,A37,WO-BPO14-14-3-LIMS,Passed,F-1-S2,S2
LIMS-464,LIMS-A38-WO-BPO14-14-3-LIMS,Stability Testing,84,A38,WO-BPO14-14-3-LIMS,InProgress,F-1-S2,S2
LIMS-465,LIMS-A35-WO-BPO14-14-3-LIMS,Chemical Analysis,92,A35,WO-BPO14-14-3-LIMS,Passed,F-1-S2,S2
LIMS-466,LIMS-A37-WO-BPO14-14-4-LIMS,Environmental Monitoring,91,A37,WO-BPO14-14-4-LIMS,Passed,F-1-S2,S2
LIMS-467,LIMS-A36-WO-BPO14-14-4-LIMS,Physical Testing,97,A36,WO-BPO14-14-4-LIMS,Passed,F-1-S2,S2
LIMS-468,LIMS-A38-WO-BPO14-14-4-LIMS,Stability Testing,99,A38,WO-BPO14-14-4-LIMS,Passed,F-1-S2,S2
LIMS-469,LIMS-A34-WO-BPO14-14-5-LIMS,Microbiological Testing,96,A34,WO-BPO14-14-5-LIMS,Passed,F-1-S2,S2
LIMS-470,LIMS-A36-WO-BPO14-14-5-LIMS,Physical Testing,67,A36,WO-BPO14-14-5-LIMS,Failed,F-1-S2,S2
LIMS-471,LIMS-A37-WO-BPO14-14-5-LIMS,Environmental Monitoring,98,A37,WO-BPO14-14-5-LIMS,Passed,F-1-S2,S2
LIMS-472,LIMS-A38-WO-BPO14-14-6-LIMS,Stability Testing,91,A38,WO-BPO14-14-6-LIMS,Passed,F-1-S2,S2
LIMS-473,LIMS-A35-WO-BPO14-14-6-LIMS,Chemical Analysis,99,A35,WO-BPO14-14-6-LIMS,Passed,F-1-S2,S2
LIMS-474,LIMS-A37-WO-BPO14-14-6-LIMS,Environmental Monitoring,95,A37,WO-BPO14-14-6-LIMS,Passed,F-1-S2,S2
LIMS-475,LIMS-A37-WO-BPO14-14-7-LIMS,Environmental Monitoring,91,A37,WO-BPO14-14-7-LIMS,Passed,F-1-S2,S2
LIMS-476,LIMS-A36-WO-BPO14-14-7-LIMS,Physical Testing,95,A36,WO-BPO14-14-7-LIMS,Passed,F-1-S2,S2
LIMS-477,LIMS-A38-WO-BPO14-14-7-LIMS,Stability Testing,96,A38,WO-BPO14-14-7-LIMS,Passed,F-1-S2,S2
LIMS-478,LIMS-A38-WO-BPO15-15-1-LIMS,Stability Testing,97,A38,WO-BPO15-15-1-LIMS,Passed,F-1-S2,S2
LIMS-479,LIMS-A37-WO-BPO15-15-1-LIMS,Environmental Monitoring,91,A37,WO-BPO15-15-1-LIMS,Passed,F-1-S2,S2
LIMS-480,LIMS-A35-WO-BPO15-15-1-LIMS,Chemical Analysis,98,A35,WO-BPO15-15-1-LIMS,Passed,F-1-S2,S2
LIMS-481,LIMS-A37-WO-BPO15-15-2-LIMS,Environmental Monitoring,96,A37,WO-BPO15-15-2-LIMS,Passed,F-1-S2,S2
LIMS-482,LIMS-A36-WO-BPO15-15-2-LIMS,Physical Testing,91,A36,WO-BPO15-15-2-LIMS,Passed,F-1-S2,S2
LIMS-483,LIMS-A35-WO-BPO15-15-2-LIMS,Chemical Analysis,96,A35,WO-BPO15-15-2-LIMS,Passed,F-1-S2,S2
LIMS-484,LIMS-A38-WO-BPO15-15-3-LIMS,Stability Testing,95,A38,WO-BPO15-15-3-LIMS,Passed,F-1-S2,S2
LIMS-485,LIMS-A35-WO-BPO15-15-3-LIMS,Chemical Analysis,98,A35,WO-BPO15-15-3-LIMS,Passed,F-1-S2,S2
LIMS-486,LIMS-A34-WO-BPO15-15-3-LIMS,Microbiological Testing,83,A34,WO-BPO15-15-3-LIMS,InProgress,F-1-S2,S2
LIMS-487,LIMS-A34-WO-BPO15-15-4-LIMS,Microbiological Testing,95,A34,WO-BPO15-15-4-LIMS,Passed,F-1-S2,S2
LIMS-488,LIMS-A35-WO-BPO15-15-4-LIMS,Chemical Analysis,93,A35,WO-BPO15-15-4-LIMS,Passed,F-1-S2,S2
LIMS-489,LIMS-A38-WO-BPO15-15-4-LIMS,Stability Testing,100,A38,WO-BPO15-15-4-LIMS,Passed,F-1-S2,S2
LIMS-490,LIMS-A36-WO-BPO15-15-5-LIMS,Physical Testing,99,A36,WO-BPO15-15-5-LIMS,Passed,F-1-S2,S2
LIMS-491,LIMS-A37-WO-BPO15-15-5-LIMS,Environmental Monitoring,95,A37,WO-BPO15-15-5-LIMS,Passed,F-1-S2,S2
LIMS-492,LIMS-A38-WO-BPO15-15-5-LIMS,Stability Testing,91,A38,WO-BPO15-15-5-LIMS,Passed,F-1-S2,S2
LIMS-493,LIMS-A34-WO-BPO15-15-6-LIMS,Microbiological Testing,94,A34,WO-BPO15-15-6-LIMS,Passed,F-1-S2,S2
LIMS-494,LIMS-A35-WO-BPO15-15-6-LIMS,Chemical Analysis,94,A35,WO-BPO15-15-6-LIMS,Passed,F-1-S2,S2
LIMS-495,LIMS-A36-WO-BPO15-15-6-LIMS,Physical Testing,91,A36,WO-BPO15-15-6-LIMS,Passed,F-1-S2,S2
LIMS-496,LIMS-A35-WO-BPO15-15-7-LIMS,Chemical Analysis,91,A35,WO-BPO15-15-7-LIMS,Passed,F-1-S2,S2
LIMS-497,LIMS-A38-WO-BPO15-15-7-LIMS,Stability Testing,97,A38,WO-BPO15-15-7-LIMS,Passed,F-1-S2,S2
LIMS-498,LIMS-A34-WO-BPO15-15-7-LIMS,Microbiological Testing,94,A34,WO-BPO15-15-7-LIMS,Passed,F-1-S2,S2
LIMS-499,LIMS-A37-WO-BPO16-16-1-LIMS,Environmental Monitoring,100,A37,WO-BPO16-16-1-LIMS,Passed,F-1-S2,S2
LIMS-500,LIMS-A36-WO-BPO16-16-1-LIMS,Physical Testing,100,A36,WO-BPO16-16-1-LIMS,Passed,F-1-S2,S2
LIMS-501,LIMS-A38-WO-BPO16-16-1-LIMS,Stability Testing,99,A38,WO-BPO16-16-1-LIMS,Passed,F-1-S2,S2
LIMS-502,LIMS-A34-WO-BPO16-16-2-LIMS,Microbiological Testing,94,A34,WO-BPO16-16-2-LIMS,Passed,F-1-S2,S2
LIMS-503,LIMS-A35-WO-BPO16-16-2-LIMS,Chemical Analysis,98,A35,WO-BPO16-16-2-LIMS,Passed,F-1-S2,S2
LIMS-504,LIMS-A36-WO-BPO16-16-2-LIMS,Physical Testing,94,A36,WO-BPO16-16-2-LIMS,Passed,F-1-S2,S2
LIMS-505,LIMS-A38-WO-BPO16-16-3-LIMS,Stability Testing,98,A38,WO-BPO16-16-3-LIMS,Passed,F-1-S2,S2
LIMS-506,LIMS-A34-WO-BPO16-16-3-LIMS,Microbiological Testing,94,A34,WO-BPO16-16-3-LIMS,Passed,F-1-S2,S2
LIMS-507,LIMS-A37-WO-BPO16-16-3-LIMS,Environmental Monitoring,100,A37,WO-BPO16-16-3-LIMS,Passed,F-1-S2,S2
LIMS-508,LIMS-A36-WO-BPO16-16-4-LIMS,Physical Testing,100,A36,WO-BPO16-16-4-LIMS,Passed,F-1-S2,S2
LIMS-509,LIMS-A38-WO-BPO16-16-4-LIMS,Stability Testing,99,A38,WO-BPO16-16-4-LIMS,Passed,F-1-S2,S2
LIMS-510,LIMS-A34-WO-BPO16-16-4-LIMS,Microbiological Testing,99,A34,WO-BPO16-16-4-LIMS,Passed,F-1-S2,S2
LIMS-511,LIMS-A35-WO-BPO16-16-5-LIMS,Chemical Analysis,91,A35,WO-BPO16-16-5-LIMS,Passed,F-1-S2,S2
LIMS-512,LIMS-A37-WO-BPO16-16-5-LIMS,Environmental Monitoring,98,A37,WO-BPO16-16-5-LIMS,Passed,F-1-S2,S2
LIMS-513,LIMS-A36-WO-BPO16-16-5-LIMS,Physical Testing,93,A36,WO-BPO16-16-5-LIMS,Passed,F-1-S2,S2
LIMS-514,LIMS-A34-WO-BPO16-16-6-LIMS,Microbiological Testing,95,A34,WO-BPO16-16-6-LIMS,Passed,F-1-S2,S2
LIMS-515,LIMS-A37-WO-BPO16-16-6-LIMS,Environmental Monitoring,92,A37,WO-BPO16-16-6-LIMS,Passed,F-1-S2,S2
LIMS-516,LIMS-A35-WO-BPO16-16-6-LIMS,Chemical Analysis,97,A35,WO-BPO16-16-6-LIMS,Passed,F-1-S2,S2
LIMS-517,LIMS-A35-WO-BPO16-16-7-LIMS,Chemical Analysis,97,A35,WO-BPO16-16-7-LIMS,Passed,F-1-S2,S2
LIMS-518,LIMS-A36-WO-BPO16-16-7-LIMS,Physical Testing,97,A36,WO-BPO16-16-7-LIMS,Passed,F-1-S2,S2
LIMS-519,LIMS-A34-WO-BPO16-16-7-LIMS,Microbiological Testing,99,A34,WO-BPO16-16-7-LIMS,Passed,F-1-S2,S2
LIMS-520,LIMS-A35-WO-BPO16-16-8-LIMS,Chemical Analysis,94,A35,WO-BPO16-16-8-LIMS,Passed,F-1-S2,S2
LIMS-521,LIMS-A38-WO-BPO16-16-8-LIMS,Stability Testing,98,A38,WO-BPO16-16-8-LIMS,Passed,F-1-S2,S2
LIMS-522,LIMS-A36-WO-BPO16-16-8-LIMS,Physical Testing,100,A36,WO-BPO16-16-8-LIMS,Passed,F-1-S2,S2
LIMS-523,LIMS-A38-WO-BPO16-16-9-LIMS,Stability Testing,100,A38,WO-BPO16-16-9-LIMS,Passed,F-1-S2,S2
LIMS-524,LIMS-A34-WO-BPO16-16-9-LIMS,Microbiological Testing,96,A34,WO-BPO16-16-9-LIMS,Passed,F-1-S2,S2
LIMS-525,LIMS-A35-WO-BPO16-16-9-LIMS,Chemical Analysis,94,A35,WO-BPO16-16-9-LIMS,Passed,F-1-S2,S2
LIMS-526,LIMS-A38-WO-BPO16-16-10-LIMS,Stability Testing,92,A38,WO-BPO16-16-10-LIMS,Passed,F-1-S2,S2
LIMS-527,LIMS-A34-WO-BPO16-16-10-LIMS,Microbiological Testing,100,A34,WO-BPO16-16-10-LIMS,Passed,F-1-S2,S2
LIMS-528,LIMS-A35-WO-BPO16-16-10-LIMS,Chemical Analysis,97,A35,WO-BPO16-16-10-LIMS,Passed,F-1-S2,S2
LIMS-529,LIMS-A36-WO-BPO16-16-11-LIMS,Physical Testing,94,A36,WO-BPO16-16-11-LIMS,Passed,F-1-S2,S2
LIMS-530,LIMS-A35-WO-BPO16-16-11-LIMS,Chemical Analysis,97,A35,WO-BPO16-16-11-LIMS,Passed,F-1-S2,S2
LIMS-531,LIMS-A37-WO-BPO16-16-11-LIMS,Environmental Monitoring,98,A37,WO-BPO16-16-11-LIMS,Passed,F-1-S2,S2
LIMS-532,LIMS-A37-WO-BPO16-16-12-LIMS,Environmental Monitoring,99,A37,WO-BPO16-16-12-LIMS,Passed,F-1-S2,S2
LIMS-533,LIMS-A34-WO-BPO16-16-12-LIMS,Microbiological Testing,83,A34,WO-BPO16-16-12-LIMS,InProgress,F-1-S2,S2
LIMS-534,LIMS-A35-WO-BPO16-16-12-LIMS,Chemical Analysis,95,A35,WO-BPO16-16-12-LIMS,Passed,F-1-S2,S2
LIMS-535,LIMS-A38-WO-BPO17-17-1-LIMS,Stability Testing,91,A38,WO-BPO17-17-1-LIMS,Passed,F-1-S2,S2
LIMS-536,LIMS-A36-WO-BPO17-17-1-LIMS,Physical Testing,96,A36,WO-BPO17-17-1-LIMS,Passed,F-1-S2,S2
LIMS-537,LIMS-A34-WO-BPO17-17-1-LIMS,Microbiological Testing,85,A34,WO-BPO17-17-1-LIMS,InProgress,F-1-S2,S2
LIMS-538,LIMS-A38-WO-BPO17-17-2-LIMS,Stability Testing,96,A38,WO-BPO17-17-2-LIMS,Passed,F-1-S2,S2
LIMS-539,LIMS-A35-WO-BPO17-17-2-LIMS,Chemical Analysis,96,A35,WO-BPO17-17-2-LIMS,Passed,F-1-S2,S2
LIMS-540,LIMS-A36-WO-BPO17-17-2-LIMS,Physical Testing,91,A36,WO-BPO17-17-2-LIMS,Passed,F-1-S2,S2
LIMS-541,LIMS-A38-WO-BPO17-17-3-LIMS,Stability Testing,92,A38,WO-BPO17-17-3-LIMS,Passed,F-1-S2,S2
LIMS-542,LIMS-A36-WO-BPO17-17-3-LIMS,Physical Testing,95,A36,WO-BPO17-17-3-LIMS,Passed,F-1-S2,S2
LIMS-543,LIMS-A35-WO-BPO17-17-3-LIMS,Chemical Analysis,92,A35,WO-BPO17-17-3-LIMS,Passed,F-1-S2,S2
LIMS-544,LIMS-A35-WO-BPO17-17-4-LIMS,Chemical Analysis,93,A35,WO-BPO17-17-4-LIMS,Passed,F-1-S2,S2
LIMS-545,LIMS-A36-WO-BPO17-17-4-LIMS,Physical Testing,93,A36,WO-BPO17-17-4-LIMS,Passed,F-1-S2,S2
LIMS-546,LIMS-A37-WO-BPO17-17-4-LIMS,Environmental Monitoring,95,A37,WO-BPO17-17-4-LIMS,Passed,F-1-S2,S2
LIMS-547,LIMS-A36-WO-BPO17-17-5-LIMS,Physical Testing,95,A36,WO-BPO17-17-5-LIMS,Passed,F-1-S2,S2
LIMS-548,LIMS-A38-WO-BPO17-17-5-LIMS,Stability Testing,99,A38,WO-BPO17-17-5-LIMS,Passed,F-1-S2,S2
LIMS-549,LIMS-A37-WO-BPO17-17-5-LIMS,Environmental Monitoring,96,A37,WO-BPO17-17-5-LIMS,Passed,F-1-S2,S2
LIMS-550,LIMS-A36-WO-BPO17-17-6-LIMS,Physical Testing,94,A36,WO-BPO17-17-6-LIMS,Passed,F-1-S2,S2
LIMS-551,LIMS-A38-WO-BPO17-17-6-LIMS,Stability Testing,99,A38,WO-BPO17-17-6-LIMS,Passed,F-1-S2,S2
LIMS-552,LIMS-A37-WO-BPO17-17-6-LIMS,Environmental Monitoring,99,A37,WO-BPO17-17-6-LIMS,Passed,F-1-S2,S2
LIMS-553,LIMS-A36-WO-BPO17-17-7-LIMS,Physical Testing,95,A36,WO-BPO17-17-7-LIMS,Passed,F-1-S2,S2
LIMS-554,LIMS-A38-WO-BPO17-17-7-LIMS,Stability Testing,94,A38,WO-BPO17-17-7-LIMS,Passed,F-1-S2,S2
LIMS-555,LIMS-A34-WO-BPO17-17-7-LIMS,Microbiological Testing,92,A34,WO-BPO17-17-7-LIMS,Passed,F-1-S2,S2
LIMS-556,LIMS-A35-WO-BPO17-17-8-LIMS,Chemical Analysis,94,A35,WO-BPO17-17-8-LIMS,Passed,F-1-S2,S2
LIMS-557,LIMS-A34-WO-BPO17-17-8-LIMS,Microbiological Testing,100,A34,WO-BPO17-17-8-LIMS,Passed,F-1-S2,S2
LIMS-558,LIMS-A36-WO-BPO17-17-8-LIMS,Physical Testing,95,A36,WO-BPO17-17-8-LIMS,Passed,F-1-S2,S2
LIMS-559,LIMS-A35-WO-BPO17-17-9-LIMS,Chemical Analysis,95,A35,WO-BPO17-17-9-LIMS,Passed,F-1-S2,S2
LIMS-560,LIMS-A36-WO-BPO17-17-9-LIMS,Physical Testing,97,A36,WO-BPO17-17-9-LIMS,Passed,F-1-S2,S2
LIMS-561,LIMS-A34-WO-BPO17-17-9-LIMS,Microbiological Testing,95,A34,WO-BPO17-17-9-LIMS,Passed,F-1-S2,S2
LIMS-562,LIMS-A36-WO-BPO17-17-10-LIMS,Physical Testing,96,A36,WO-BPO17-17-10-LIMS,Passed,F-1-S2,S2
LIMS-563,LIMS-A37-WO-BPO17-17-10-LIMS,Environmental Monitoring,93,A37,WO-BPO17-17-10-LIMS,Passed,F-1-S2,S2
LIMS-564,LIMS-A38-WO-BPO17-17-10-LIMS,Stability Testing,98,A38,WO-BPO17-17-10-LIMS,Passed,F-1-S2,S2
LIMS-565,LIMS-A182-WO-BPO18-18-1-LIMS,Physical Testing,93,A182,WO-BPO18-18-1-LIMS,Passed,F-1-S9,S9
LIMS-566,LIMS-A183-WO-BPO18-18-1-LIMS,Environmental Monitoring,97,A183,WO-BPO18-18-1-LIMS,Passed,F-1-S9,S9
LIMS-567,LIMS-A181-WO-BPO18-18-1-LIMS,Chemical Analysis,97,A181,WO-BPO18-18-1-LIMS,Passed,F-1-S9,S9
LIMS-568,LIMS-A183-WO-BPO18-18-2-LIMS,Environmental Monitoring,91,A183,WO-BPO18-18-2-LIMS,Passed,F-1-S9,S9
LIMS-569,LIMS-A180-WO-BPO18-18-2-LIMS,Microbiological Testing,89,A180,WO-BPO18-18-2-LIMS,InProgress,F-1-S9,S9
LIMS-570,LIMS-A181-WO-BPO18-18-2-LIMS,Chemical Analysis,97,A181,WO-BPO18-18-2-LIMS,Passed,F-1-S9,S9
LIMS-571,LIMS-A183-WO-BPO18-18-3-LIMS,Environmental Monitoring,94,A183,WO-BPO18-18-3-LIMS,Passed,F-1-S9,S9
LIMS-572,LIMS-A184-WO-BPO18-18-3-LIMS,Stability Testing,91,A184,WO-BPO18-18-3-LIMS,Passed,F-1-S9,S9
LIMS-573,LIMS-A180-WO-BPO18-18-3-LIMS,Microbiological Testing,91,A180,WO-BPO18-18-3-LIMS,Passed,F-1-S9,S9
LIMS-574,LIMS-A182-WO-BPO18-18-4-LIMS,Physical Testing,96,A182,WO-BPO18-18-4-LIMS,Passed,F-1-S9,S9
LIMS-575,LIMS-A181-WO-BPO18-18-4-LIMS,Chemical Analysis,94,A181,WO-BPO18-18-4-LIMS,Passed,F-1-S9,S9
LIMS-576,LIMS-A184-WO-BPO18-18-4-LIMS,Stability Testing,93,A184,WO-BPO18-18-4-LIMS,Passed,F-1-S9,S9
LIMS-577,LIMS-A180-WO-BPO18-18-5-LIMS,Microbiological Testing,100,A180,WO-BPO18-18-5-LIMS,Passed,F-1-S9,S9
LIMS-578,LIMS-A181-WO-BPO18-18-5-LIMS,Chemical Analysis,100,A181,WO-BPO18-18-5-LIMS,Passed,F-1-S9,S9
LIMS-579,LIMS-A184-WO-BPO18-18-5-LIMS,Stability Testing,93,A184,WO-BPO18-18-5-LIMS,Passed,F-1-S9,S9
LIMS-580,LIMS-A181-WO-BPO18-18-6-LIMS,Chemical Analysis,92,A181,WO-BPO18-18-6-LIMS,Passed,F-1-S9,S9
LIMS-581,LIMS-A182-WO-BPO18-18-6-LIMS,Physical Testing,95,A182,WO-BPO18-18-6-LIMS,Passed,F-1-S9,S9
LIMS-582,LIMS-A184-WO-BPO18-18-6-LIMS,Stability Testing,93,A184,WO-BPO18-18-6-LIMS,Passed,F-1-S9,S9
LIMS-583,LIMS-A183-WO-BPO18-18-7-LIMS,Environmental Monitoring,93,A183,WO-BPO18-18-7-LIMS,Passed,F-1-S9,S9
LIMS-584,LIMS-A181-WO-BPO18-18-7-LIMS,Chemical Analysis,100,A181,WO-BPO18-18-7-LIMS,Passed,F-1-S9,S9
LIMS-585,LIMS-A182-WO-BPO18-18-7-LIMS,Physical Testing,99,A182,WO-BPO18-18-7-LIMS,Passed,F-1-S9,S9
LIMS-586,LIMS-A184-WO-BPO18-18-8-LIMS,Stability Testing,94,A184,WO-BPO18-18-8-LIMS,Passed,F-1-S9,S9
LIMS-587,LIMS-A183-WO-BPO18-18-8-LIMS,Environmental Monitoring,93,A183,WO-BPO18-18-8-LIMS,Passed,F-1-S9,S9
LIMS-588,LIMS-A180-WO-BPO18-18-8-LIMS,Microbiological Testing,96,A180,WO-BPO18-18-8-LIMS,Passed,F-1-S9,S9
LIMS-589,LIMS-A181-WO-BPO18-18-9-LIMS,Chemical Analysis,98,A181,WO-BPO18-18-9-LIMS,Passed,F-1-S9,S9
LIMS-590,LIMS-A180-WO-BPO18-18-9-LIMS,Microbiological Testing,99,A180,WO-BPO18-18-9-LIMS,Passed,F-1-S9,S9
LIMS-591,LIMS-A182-WO-BPO18-18-9-LIMS,Physical Testing,99,A182,WO-BPO18-18-9-LIMS,Passed,F-1-S9,S9
LIMS-592,LIMS-A184-WO-BPO18-18-10-LIMS,Stability Testing,94,A184,WO-BPO18-18-10-LIMS,Passed,F-1-S9,S9
LIMS-593,LIMS-A182-WO-BPO18-18-10-LIMS,Physical Testing,100,A182,WO-BPO18-18-10-LIMS,Passed,F-1-S9,S9
LIMS-594,LIMS-A183-WO-BPO18-18-10-LIMS,Environmental Monitoring,91,A183,WO-BPO18-18-10-LIMS,Passed,F-1-S9,S9
LIMS-595,LIMS-A182-WO-BPO18-18-11-LIMS,Physical Testing,97,A182,WO-BPO18-18-11-LIMS,Passed,F-1-S9,S9
LIMS-596,LIMS-A183-WO-BPO18-18-11-LIMS,Environmental Monitoring,91,A183,WO-BPO18-18-11-LIMS,Passed,F-1-S9,S9
LIMS-597,LIMS-A181-WO-BPO18-18-11-LIMS,Chemical Analysis,93,A181,WO-BPO18-18-11-LIMS,Passed,F-1-S9,S9
LIMS-598,LIMS-A181-WO-BPO18-18-12-LIMS,Chemical Analysis,94,A181,WO-BPO18-18-12-LIMS,Passed,F-1-S9,S9
LIMS-599,LIMS-A180-WO-BPO18-18-12-LIMS,Microbiological Testing,95,A180,WO-BPO18-18-12-LIMS,Passed,F-1-S9,S9
LIMS-600,LIMS-A183-WO-BPO18-18-12-LIMS,Environmental Monitoring,97,A183,WO-BPO18-18-12-LIMS,Passed,F-1-S9,S9
LIMS-601,LIMS-A183-WO-BPO18-18-13-LIMS,Environmental Monitoring,93,A183,WO-BPO18-18-13-LIMS,Passed,F-1-S9,S9
LIMS-602,LIMS-A184-WO-BPO18-18-13-LIMS,Stability Testing,95,A184,WO-BPO18-18-13-LIMS,Passed,F-1-S9,S9
LIMS-603,LIMS-A182-WO-BPO18-18-13-LIMS,Physical Testing,95,A182,WO-BPO18-18-13-LIMS,Passed,F-1-S9,S9
LIMS-604,LIMS-A183-WO-BPO18-18-14-LIMS,Environmental Monitoring,97,A183,WO-BPO18-18-14-LIMS,Passed,F-1-S9,S9
LIMS-605,LIMS-A181-WO-BPO18-18-14-LIMS,Chemical Analysis,92,A181,WO-BPO18-18-14-LIMS,Passed,F-1-S9,S9
LIMS-606,LIMS-A180-WO-BPO18-18-14-LIMS,Microbiological Testing,93,A180,WO-BPO18-18-14-LIMS,Passed,F-1-S9,S9
LIMS-607,LIMS-A36-WO-BPO19-19-1-LIMS,Physical Testing,98,A36,WO-BPO19-19-1-LIMS,Passed,F-1-S2,S2
LIMS-608,LIMS-A34-WO-BPO19-19-1-LIMS,Microbiological Testing,97,A34,WO-BPO19-19-1-LIMS,Passed,F-1-S2,S2
LIMS-609,LIMS-A37-WO-BPO19-19-1-LIMS,Environmental Monitoring,100,A37,WO-BPO19-19-1-LIMS,Passed,F-1-S2,S2
LIMS-610,LIMS-A35-WO-BPO19-19-2-LIMS,Chemical Analysis,91,A35,WO-BPO19-19-2-LIMS,Passed,F-1-S2,S2
LIMS-611,LIMS-A37-WO-BPO19-19-2-LIMS,Environmental Monitoring,100,A37,WO-BPO19-19-2-LIMS,Passed,F-1-S2,S2
LIMS-612,LIMS-A36-WO-BPO19-19-2-LIMS,Physical Testing,82,A36,WO-BPO19-19-2-LIMS,InProgress,F-1-S2,S2
LIMS-613,LIMS-A34-WO-BPO19-19-3-LIMS,Microbiological Testing,93,A34,WO-BPO19-19-3-LIMS,Passed,F-1-S2,S2
LIMS-614,LIMS-A38-WO-BPO19-19-3-LIMS,Stability Testing,93,A38,WO-BPO19-19-3-LIMS,Passed,F-1-S2,S2
LIMS-615,LIMS-A35-WO-BPO19-19-3-LIMS,Chemical Analysis,92,A35,WO-BPO19-19-3-LIMS,Passed,F-1-S2,S2
LIMS-616,LIMS-A36-WO-BPO19-19-4-LIMS,Physical Testing,96,A36,WO-BPO19-19-4-LIMS,Passed,F-1-S2,S2
LIMS-617,LIMS-A35-WO-BPO19-19-4-LIMS,Chemical Analysis,92,A35,WO-BPO19-19-4-LIMS,Passed,F-1-S2,S2
LIMS-618,LIMS-A37-WO-BPO19-19-4-LIMS,Environmental Monitoring,98,A37,WO-BPO19-19-4-LIMS,Passed,F-1-S2,S2
LIMS-619,LIMS-A35-WO-BPO19-19-5-LIMS,Chemical Analysis,92,A35,WO-BPO19-19-5-LIMS,Passed,F-1-S2,S2
LIMS-620,LIMS-A38-WO-BPO19-19-5-LIMS,Stability Testing,99,A38,WO-BPO19-19-5-LIMS,Passed,F-1-S2,S2
LIMS-621,LIMS-A34-WO-BPO19-19-5-LIMS,Microbiological Testing,95,A34,WO-BPO19-19-5-LIMS,Passed,F-1-S2,S2
LIMS-622,LIMS-A36-WO-BPO19-19-6-LIMS,Physical Testing,96,A36,WO-BPO19-19-6-LIMS,Passed,F-1-S2,S2
LIMS-623,LIMS-A34-WO-BPO19-19-6-LIMS,Microbiological Testing,95,A34,WO-BPO19-19-6-LIMS,Passed,F-1-S2,S2
LIMS-624,LIMS-A35-WO-BPO19-19-6-LIMS,Chemical Analysis,95,A35,WO-BPO19-19-6-LIMS,Passed,F-1-S2,S2
LIMS-625,LIMS-A35-WO-BPO19-19-7-LIMS,Chemical Analysis,100,A35,WO-BPO19-19-7-LIMS,Passed,F-1-S2,S2
LIMS-626,LIMS-A37-WO-BPO19-19-7-LIMS,Environmental Monitoring,86,A37,WO-BPO19-19-7-LIMS,InProgress,F-1-S2,S2
LIMS-627,LIMS-A34-WO-BPO19-19-7-LIMS,Microbiological Testing,93,A34,WO-BPO19-19-7-LIMS,Passed,F-1-S2,S2
LIMS-628,LIMS-A37-WO-BPO19-19-8-LIMS,Environmental Monitoring,91,A37,WO-BPO19-19-8-LIMS,Passed,F-1-S2,S2
LIMS-629,LIMS-A36-WO-BPO19-19-8-LIMS,Physical Testing,100,A36,WO-BPO19-19-8-LIMS,Passed,F-1-S2,S2
LIMS-630,LIMS-A34-WO-BPO19-19-8-LIMS,Microbiological Testing,92,A34,WO-BPO19-19-8-LIMS,Passed,F-1-S2,S2
LIMS-631,LIMS-A38-WO-BPO19-19-9-LIMS,Stability Testing,72,A38,WO-BPO19-19-9-LIMS,Failed,F-1-S2,S2
LIMS-632,LIMS-A36-WO-BPO19-19-9-LIMS,Physical Testing,85,A36,WO-BPO19-19-9-LIMS,InProgress,F-1-S2,S2
LIMS-633,LIMS-A34-WO-BPO19-19-9-LIMS,Microbiological Testing,97,A34,WO-BPO19-19-9-LIMS,Passed,F-1-S2,S2
LIMS-634,LIMS-A35-WO-BPO19-19-10-LIMS,Chemical Analysis,91,A35,WO-BPO19-19-10-LIMS,Passed,F-1-S2,S2
LIMS-635,LIMS-A38-WO-BPO19-19-10-LIMS,Stability Testing,93,A38,WO-BPO19-19-10-LIMS,Passed,F-1-S2,S2
LIMS-636,LIMS-A37-WO-BPO19-19-10-LIMS,Environmental Monitoring,92,A37,WO-BPO19-19-10-LIMS,Passed,F-1-S2,S2
LIMS-637,LIMS-A34-WO-BPO19-19-11-LIMS,Microbiological Testing,100,A34,WO-BPO19-19-11-LIMS,Passed,F-1-S2,S2
LIMS-638,LIMS-A36-WO-BPO19-19-11-LIMS,Physical Testing,97,A36,WO-BPO19-19-11-LIMS,Passed,F-1-S2,S2
LIMS-639,LIMS-A38-WO-BPO19-19-11-LIMS,Stability Testing,96,A38,WO-BPO19-19-11-LIMS,Passed,F-1-S2,S2
LIMS-640,LIMS-A35-WO-BPO19-19-12-LIMS,Chemical Analysis,83,A35,WO-BPO19-19-12-LIMS,InProgress,F-1-S2,S2
LIMS-641,LIMS-A36-WO-BPO19-19-12-LIMS,Physical Testing,82,A36,WO-BPO19-19-12-LIMS,InProgress,F-1-S2,S2
LIMS-642,LIMS-A37-WO-BPO19-19-12-LIMS,Environmental Monitoring,96,A37,WO-BPO19-19-12-LIMS,Passed,F-1-S2,S2
LIMS-643,LIMS-A34-WO-BPO19-19-13-LIMS,Microbiological Testing,93,A34,WO-BPO19-19-13-LIMS,Passed,F-1-S2,S2
LIMS-644,LIMS-A38-WO-BPO19-19-13-LIMS,Stability Testing,96,A38,WO-BPO19-19-13-LIMS,Passed,F-1-S2,S2
LIMS-645,LIMS-A37-WO-BPO19-19-13-LIMS,Environmental Monitoring,93,A37,WO-BPO19-19-13-LIMS,Passed,F-1-S2,S2
LIMS-646,LIMS-A34-WO-BPO20-20-1-LIMS,Microbiological Testing,99,A34,WO-BPO20-20-1-LIMS,Passed,F-1-S2,S2
LIMS-647,LIMS-A37-WO-BPO20-20-1-LIMS,Environmental Monitoring,93,A37,WO-BPO20-20-1-LIMS,Passed,F-1-S2,S2
LIMS-648,LIMS-A35-WO-BPO20-20-1-LIMS,Chemical Analysis,74,A35,WO-BPO20-20-1-LIMS,Failed,F-1-S2,S2
LIMS-649,LIMS-A38-WO-BPO20-20-2-LIMS,Stability Testing,100,A38,WO-BPO20-20-2-LIMS,Passed,F-1-S2,S2
LIMS-650,LIMS-A37-WO-BPO20-20-2-LIMS,Environmental Monitoring,100,A37,WO-BPO20-20-2-LIMS,Passed,F-1-S2,S2
LIMS-651,LIMS-A36-WO-BPO20-20-2-LIMS,Physical Testing,94,A36,WO-BPO20-20-2-LIMS,Passed,F-1-S2,S2
LIMS-652,LIMS-A35-WO-BPO20-20-3-LIMS,Chemical Analysis,84,A35,WO-BPO20-20-3-LIMS,InProgress,F-1-S2,S2
LIMS-653,LIMS-A36-WO-BPO20-20-3-LIMS,Physical Testing,97,A36,WO-BPO20-20-3-LIMS,Passed,F-1-S2,S2
LIMS-654,LIMS-A34-WO-BPO20-20-3-LIMS,Microbiological Testing,96,A34,WO-BPO20-20-3-LIMS,Passed,F-1-S2,S2
LIMS-655,LIMS-A34-WO-BPO20-20-4-LIMS,Microbiological Testing,87,A34,WO-BPO20-20-4-LIMS,InProgress,F-1-S2,S2
LIMS-656,LIMS-A36-WO-BPO20-20-4-LIMS,Physical Testing,98,A36,WO-BPO20-20-4-LIMS,Passed,F-1-S2,S2
LIMS-657,LIMS-A37-WO-BPO20-20-4-LIMS,Environmental Monitoring,100,A37,WO-BPO20-20-4-LIMS,Passed,F-1-S2,S2
LIMS-658,LIMS-A36-WO-BPO20-20-5-LIMS,Physical Testing,94,A36,WO-BPO20-20-5-LIMS,Passed,F-1-S2,S2
LIMS-659,LIMS-A35-WO-BPO20-20-5-LIMS,Chemical Analysis,98,A35,WO-BPO20-20-5-LIMS,Passed,F-1-S2,S2
LIMS-660,LIMS-A37-WO-BPO20-20-5-LIMS,Environmental Monitoring,81,A37,WO-BPO20-20-5-LIMS,InProgress,F-1-S2,S2
LIMS-661,LIMS-A37-WO-BPO20-20-6-LIMS,Environmental Monitoring,95,A37,WO-BPO20-20-6-LIMS,Passed,F-1-S2,S2
LIMS-662,LIMS-A34-WO-BPO20-20-6-LIMS,Microbiological Testing,94,A34,WO-BPO20-20-6-LIMS,Passed,F-1-S2,S2
LIMS-663,LIMS-A36-WO-BPO20-20-6-LIMS,Physical Testing,94,A36,WO-BPO20-20-6-LIMS,Passed,F-1-S2,S2
LIMS-664,LIMS-A36-WO-BPO20-20-7-LIMS,Physical Testing,94,A36,WO-BPO20-20-7-LIMS,Passed,F-1-S2,S2
LIMS-665,LIMS-A34-WO-BPO20-20-7-LIMS,Microbiological Testing,96,A34,WO-BPO20-20-7-LIMS,Passed,F-1-S2,S2
LIMS-666,LIMS-A38-WO-BPO20-20-7-LIMS,Stability Testing,91,A38,WO-BPO20-20-7-LIMS,Passed,F-1-S2,S2
LIMS-667,LIMS-A37-WO-BPO20-20-8-LIMS,Environmental Monitoring,100,A37,WO-BPO20-20-8-LIMS,Passed,F-1-S2,S2
LIMS-668,LIMS-A35-WO-BPO20-20-8-LIMS,Chemical Analysis,98,A35,WO-BPO20-20-8-LIMS,Passed,F-1-S2,S2
LIMS-669,LIMS-A36-WO-BPO20-20-8-LIMS,Physical Testing,96,A36,WO-BPO20-20-8-LIMS,Passed,F-1-S2,S2
LIMS-670,LIMS-A36-WO-BPO20-20-9-LIMS,Physical Testing,97,A36,WO-BPO20-20-9-LIMS,Passed,F-1-S2,S2
LIMS-671,LIMS-A35-WO-BPO20-20-9-LIMS,Chemical Analysis,91,A35,WO-BPO20-20-9-LIMS,Passed,F-1-S2,S2
LIMS-672,LIMS-A37-WO-BPO20-20-9-LIMS,Environmental Monitoring,95,A37,WO-BPO20-20-9-LIMS,Passed,F-1-S2,S2
LIMS-673,LIMS-A37-WO-BPO20-20-10-LIMS,Environmental Monitoring,91,A37,WO-BPO20-20-10-LIMS,Passed,F-1-S2,S2
LIMS-674,LIMS-A35-WO-BPO20-20-10-LIMS,Chemical Analysis,62,A35,WO-BPO20-20-10-LIMS,Failed,F-1-S2,S2
LIMS-675,LIMS-A36-WO-BPO20-20-10-LIMS,Physical Testing,94,A36,WO-BPO20-20-10-LIMS,Passed,F-1-S2,S2
